-- Nuono Next local startup bootstrap
-- Purpose:
-- 1. Create the first-batch core tables directly when no local legacy reference schema exists
-- 2. Seed a small but representative local sample dataset
-- 3. Make `local-db` startup possible on a clean machine

CREATE DATABASE IF NOT EXISTS nuono_new_dev DEFAULT CHARACTER SET utf8mb4 COLLATE utf8mb4_unicode_ci;
USE nuono_new_dev;

CREATE TABLE IF NOT EXISTS `role` (
    `id` BIGINT NOT NULL AUTO_INCREMENT,
    `name` VARCHAR(50) NOT NULL COMMENT '├е┬ДРђЎ├еРђ░┬▓├Ц┬љ┬Ї├Д┬Д┬░',
    `code` VARCHAR(50) NOT NULL COMMENT '├е┬ДРђЎ├еРђ░┬▓├Д┬╝РђЊ├Д┬а┬Ђ',
    `description` VARCHAR(200) DEFAULT NULL COMMENT 'УДњУЅ▓У»┤Тўј',
    `is_system` BIT(1) DEFAULT b'0' COMMENT 'у│╗у╗ЪжбёУ«ЙУДњУЅ▓СИЇтЈ»тѕажЎц',
    `parent_id` BIGINT DEFAULT 0 COMMENT 'СИіу║ДУДњУЅ▓ID№╝ї0СИ║жАХу║Д',
    `level` INT DEFAULT 0 COMMENT 'т▒ѓу║ДТи▒т║д(0-3)',
    `is_deleted` BIT(1) DEFAULT b'0',
    `created_by` BIGINT DEFAULT NULL,
    `updated_by` BIGINT DEFAULT NULL,
    `gmt_create` DATETIME DEFAULT CURRENT_TIMESTAMP,
    `gmt_updated` DATETIME DEFAULT CURRENT_TIMESTAMP ON UPDATE CURRENT_TIMESTAMP,
    PRIMARY KEY (`id`),
    UNIQUE KEY `uk_code` (`code`)
) ENGINE=InnoDB DEFAULT CHARSET=utf8mb4 COLLATE=utf8mb4_0900_ai_ci COMMENT='├е┬ДРђЎ├еРђ░┬▓├е┬А┬е';

CREATE TABLE IF NOT EXISTS `menu` (
    `id` BIGINT NOT NULL AUTO_INCREMENT,
    `name` VARCHAR(100) CHARACTER SET utf8mb4 COLLATE utf8mb4_unicode_ci DEFAULT NULL,
    `parent_id` VARCHAR(100) CHARACTER SET utf8mb4 COLLATE utf8mb4_unicode_ci DEFAULT NULL,
    `url_path` VARCHAR(255) CHARACTER SET utf8mb4 COLLATE utf8mb4_unicode_ci DEFAULT NULL,
    `is_deleted` TINYINT(1) DEFAULT '0' COMMENT 'Тў»тљдтѕажЎц',
    `created_by` BIGINT DEFAULT NULL COMMENT 'тѕЏт╗║УђЁ',
    `updated_by` BIGINT DEFAULT NULL COMMENT 'ТЏ┤Тќ░УђЁ',
    `gmt_create` DATETIME NOT NULL DEFAULT CURRENT_TIMESTAMP COMMENT 'тѕЏт╗║ТЌХжЌ┤',
    `gmt_updated` DATETIME NOT NULL DEFAULT CURRENT_TIMESTAMP COMMENT 'С┐«Тћ╣ТЌХжЌ┤',
    PRIMARY KEY (`id`) USING BTREE
) ENGINE=InnoDB DEFAULT CHARSET=utf8mb4 COLLATE=utf8mb4_unicode_ci;

CREATE TABLE IF NOT EXISTS `role_menu` (
    `id` BIGINT NOT NULL AUTO_INCREMENT,
    `role_id` BIGINT NOT NULL COMMENT '├е┬ДРђЎ├еРђ░┬▓ID',
    `menu_id` BIGINT NOT NULL COMMENT '├е┬Ј┼Њ├Ц┬ЇРђбID',
    `is_deleted` BIT(1) DEFAULT b'0',
    `gmt_create` DATETIME DEFAULT CURRENT_TIMESTAMP,
    `gmt_updated` DATETIME DEFAULT CURRENT_TIMESTAMP ON UPDATE CURRENT_TIMESTAMP,
    PRIMARY KEY (`id`),
    KEY `idx_role_id` (`role_id`)
) ENGINE=InnoDB DEFAULT CHARSET=utf8mb4 COLLATE=utf8mb4_0900_ai_ci COMMENT='├е┬ДРђЎ├еРђ░┬▓├е┬Ј┼Њ├Ц┬ЇРђб├ЦРђд┬│├Д┬│┬╗├е┬А┬е';

CREATE TABLE IF NOT EXISTS `user` (
    `id` BIGINT NOT NULL AUTO_INCREMENT,
    `phone` VARCHAR(32) COLLATE utf8mb4_unicode_ci DEFAULT NULL,
    `email` VARCHAR(125) COLLATE utf8mb4_unicode_ci DEFAULT NULL,
    `account_no` VARCHAR(150) CHARACTER SET utf8mb4 COLLATE utf8mb4_unicode_ci DEFAULT NULL COMMENT 'уЎ╗тйЋУ┤дтЈи',
    `password` VARCHAR(32) CHARACTER SET utf8mb4 COLLATE utf8mb4_unicode_ci DEFAULT NULL COMMENT 'уЎ╗тйЋт»єуаЂ',
    `token` VARCHAR(255) CHARACTER SET utf8mb4 COLLATE utf8mb4_unicode_ci DEFAULT NULL,
    `role` VARCHAR(30) CHARACTER SET utf8mb4 COLLATE utf8mb4_unicode_ci DEFAULT NULL COMMENT 'УДњУЅ▓ admin:у«АуљєтЉў  user:ТЎ«жђџућеТѕи',
    `role_id` BIGINT DEFAULT NULL COMMENT '├е┬ДРђЎ├еРђ░┬▓ID',
    `account_type` VARCHAR(10) COLLATE utf8mb4_unicode_ci DEFAULT 'external' COMMENT 'У┤дтЈиу▒╗тъІ№╝џinternal/external',
    `real_name` VARCHAR(50) COLLATE utf8mb4_unicode_ci DEFAULT NULL COMMENT 'уюЪт«ътДЊтљЇ',
    `company_name` VARCHAR(255) CHARACTER SET utf8mb4 COLLATE utf8mb4_unicode_ci DEFAULT NULL COMMENT 'тЁгтЈИтљЇуД░',
    `list_limit` INT DEFAULT '0' COMMENT 'СИіТъХжбЮт║д',
    `collect_limit` INT DEFAULT '0' COMMENT 'жЄЄжЏєжбЮт║д',
    `wh_ap_limit` INT DEFAULT '0' COMMENT 'у║дС╗ЊжбЮт║д',
    `chatgpt_translate_limit` INT DEFAULT '0' COMMENT 'chatGptтЏЙуЅЄу┐╗У»ЉжбЮт║д',
    `level` INT DEFAULT NULL COMMENT 'ућеТѕиуГЅу║Д  1-VIP  2-SVIP  3-УХЁу║ДVIP',
    `noon_partner_user` VARCHAR(50) CHARACTER SET utf8mb4 COLLATE utf8mb4_unicode_ci DEFAULT NULL COMMENT 'noonтЋєт«ХуЎ╗тйЋтљЇ',
    `noon_partner_project_user` VARCHAR(100) CHARACTER SET utf8mb4 COLLATE utf8mb4_unicode_ci DEFAULT NULL COMMENT 'noonтЋєт«Хproject user',
    `noon_partner_pwd` VARCHAR(20) CHARACTER SET utf8mb4 COLLATE utf8mb4_unicode_ci DEFAULT NULL COMMENT 'noonтЋєт«ХуЎ╗тйЋт»єуаЂ',
    `noon_partner_encrypted_pwd` VARCHAR(150) CHARACTER SET utf8mb4 COLLATE utf8mb4_unicode_ci DEFAULT NULL COMMENT 'noonтЋєт«ХуЎ╗тйЋтіат»єт»єуаЂ',
    `noon_partner_cookie` VARCHAR(5000) CHARACTER SET utf8mb4 COLLATE utf8mb4_unicode_ci DEFAULT NULL COMMENT 'noonтЋєт«ХуЎ╗тйЋcookie',
    `cookie_generate_time` DATETIME DEFAULT NULL COMMENT 'noonтЋєт«ХуЎ╗тйЋcookieућЪТѕљТЌХжЌ┤',
    `noon_partner_id` VARCHAR(20) CHARACTER SET utf8mb4 COLLATE utf8mb4_unicode_ci DEFAULT NULL,
    `noon_partner_user_code` VARCHAR(150) CHARACTER SET utf8mb4 COLLATE utf8mb4_unicode_ci DEFAULT NULL,
    `noon_partner_mail_auth_code` VARCHAR(200) CHARACTER SET utf8mb4 COLLATE utf8mb4_unicode_ci DEFAULT NULL COMMENT 'noonтЋєт«ХуЎ╗тйЋжѓ«у«▒ТјѕТЮЃуаЂ',
    `status` INT DEFAULT '1' COMMENT '1-тљ»уће 0-удЂуће',
    `effective_time` DATETIME DEFAULT NULL,
    `expired_time` DATETIME DEFAULT NULL COMMENT 'У┐ЄТюЪТЌХжЌ┤',
    `is_deleted` TINYINT(1) DEFAULT '0' COMMENT 'Тў»тљдтѕажЎц',
    `created_by` BIGINT DEFAULT NULL COMMENT 'тѕЏт╗║УђЁ',
    `updated_by` BIGINT DEFAULT NULL COMMENT 'ТЏ┤Тќ░УђЁ',
    `gmt_create` DATETIME NOT NULL DEFAULT CURRENT_TIMESTAMP COMMENT 'тѕЏт╗║ТЌХжЌ┤',
    `gmt_updated` DATETIME NOT NULL DEFAULT CURRENT_TIMESTAMP COMMENT 'С┐«Тћ╣ТЌХжЌ┤',
    PRIMARY KEY (`id`) USING BTREE
) ENGINE=InnoDB DEFAULT CHARSET=utf8mb4 COLLATE=utf8mb4_unicode_ci ROW_FORMAT=DYNAMIC;

SET @user_expand_role := (
    SELECT IF(
        EXISTS(
            SELECT 1
            FROM information_schema.COLUMNS
            WHERE TABLE_SCHEMA = DATABASE()
              AND TABLE_NAME = 'user'
              AND COLUMN_NAME = 'role'
              AND CHARACTER_MAXIMUM_LENGTH < 30
        ),
        'ALTER TABLE `user` MODIFY COLUMN `role` VARCHAR(30) CHARACTER SET utf8mb4 COLLATE utf8mb4_unicode_ci DEFAULT NULL COMMENT ''УДњУЅ▓ admin:у«АуљєтЉў  user:ТЎ«жђџућеТѕи''',
        'SELECT 1'
    )
);
PREPARE stmt FROM @user_expand_role;
EXECUTE stmt;
DEALLOCATE PREPARE stmt;

CREATE TABLE IF NOT EXISTS `user_menu` (
    `id` BIGINT NOT NULL AUTO_INCREMENT,
    `user_id` BIGINT DEFAULT NULL,
    `menu_id` BIGINT DEFAULT NULL,
    `effective_time` DATETIME DEFAULT NULL,
    `expired_time` DATETIME DEFAULT NULL,
    `status` INT DEFAULT NULL COMMENT '1-тљ»уће  2-тЁ│жЌГ',
    `is_deleted` TINYINT(1) DEFAULT '0' COMMENT 'Тў»тљдтѕажЎц',
    `created_by` BIGINT DEFAULT NULL COMMENT 'тѕЏт╗║УђЁ',
    `updated_by` BIGINT DEFAULT NULL COMMENT 'ТЏ┤Тќ░УђЁ',
    `gmt_create` DATETIME NOT NULL DEFAULT CURRENT_TIMESTAMP COMMENT 'тѕЏт╗║ТЌХжЌ┤',
    `gmt_updated` DATETIME NOT NULL DEFAULT CURRENT_TIMESTAMP COMMENT 'С┐«Тћ╣ТЌХжЌ┤',
    PRIMARY KEY (`id`)
) ENGINE=InnoDB DEFAULT CHARSET=utf8mb4 COLLATE=utf8mb4_unicode_ci;

CREATE TABLE IF NOT EXISTS `user_store` (
    `id` BIGINT NOT NULL AUTO_INCREMENT,
    `user_id` BIGINT DEFAULT NULL COMMENT 'ућеТѕиID',
    `org_code` VARCHAR(15) CHARACTER SET utf8mb4 COLLATE utf8mb4_unicode_ci DEFAULT NULL COMMENT 'noonт║ЌжЊ║ID',
    `org_name` VARCHAR(200) CHARACTER SET utf8mb4 COLLATE utf8mb4_unicode_ci DEFAULT NULL COMMENT 'noonт║ЌжЊ║тљЇуД░',
    `project_code` VARCHAR(50) CHARACTER SET utf8mb4 COLLATE utf8mb4_unicode_ci DEFAULT NULL,
    `project_name` VARCHAR(300) CHARACTER SET utf8mb4 COLLATE utf8mb4_unicode_ci DEFAULT NULL,
    `store_code` VARCHAR(50) CHARACTER SET utf8mb4 COLLATE utf8mb4_unicode_ci DEFAULT NULL,
    `site` VARCHAR(50) CHARACTER SET utf8mb4 COLLATE utf8mb4_unicode_ci DEFAULT NULL COMMENT 'уФЎуѓ╣',
    `is_authorized` TINYINT(1) DEFAULT NULL COMMENT 'Тў»тљдТјѕТЮЃ',
    `is_deleted` TINYINT(1) DEFAULT '0' COMMENT 'Тў»тљдтѕажЎц',
    `created_by` BIGINT DEFAULT NULL COMMENT 'тѕЏт╗║УђЁ',
    `updated_by` BIGINT DEFAULT NULL COMMENT 'ТЏ┤Тќ░УђЁ',
    `gmt_create` DATETIME NOT NULL DEFAULT CURRENT_TIMESTAMP COMMENT 'тѕЏт╗║ТЌХжЌ┤',
    `gmt_updated` DATETIME NOT NULL DEFAULT CURRENT_TIMESTAMP ON UPDATE CURRENT_TIMESTAMP COMMENT 'С┐«Тћ╣ТЌХжЌ┤',
    PRIMARY KEY (`id`) USING BTREE
) ENGINE=InnoDB DEFAULT CHARSET=utf8mb4 COLLATE=utf8mb4_unicode_ci ROW_FORMAT=DYNAMIC;

CREATE TABLE IF NOT EXISTS `merchant_payment` (
    `id` BIGINT NOT NULL,
    `merchant_user_id` BIGINT NOT NULL,
    `amount` DECIMAL(12,2) NOT NULL,
    `payment_date` DATE NOT NULL,
    `remark` VARCHAR(255) DEFAULT NULL,
    `is_deleted` BIT(1) DEFAULT b'0',
    `created_by` BIGINT DEFAULT NULL,
    `updated_by` BIGINT DEFAULT NULL,
    `gmt_create` DATETIME DEFAULT CURRENT_TIMESTAMP,
    `gmt_updated` DATETIME DEFAULT CURRENT_TIMESTAMP ON UPDATE CURRENT_TIMESTAMP,
    PRIMARY KEY (`id`),
    KEY `idx_merchant_payment_user_id` (`merchant_user_id`)
) ENGINE=InnoDB DEFAULT CHARSET=utf8mb4;

CREATE TABLE IF NOT EXISTS `store_initialization_snapshot` (
    `id` BIGINT NOT NULL,
    `owner_user_id` BIGINT NOT NULL,
    `store_code` VARCHAR(100) NOT NULL,
    `project_code` VARCHAR(100) DEFAULT NULL,
    `project_name` VARCHAR(100) DEFAULT NULL,
    `status` VARCHAR(30) DEFAULT NULL,
    `last_initialized_at` DATETIME DEFAULT NULL,
    `snapshot_json` LONGTEXT NOT NULL,
    `is_deleted` BIT(1) DEFAULT b'0',
    `created_by` BIGINT DEFAULT NULL,
    `updated_by` BIGINT DEFAULT NULL,
    `gmt_create` DATETIME DEFAULT CURRENT_TIMESTAMP,
    `gmt_updated` DATETIME DEFAULT CURRENT_TIMESTAMP ON UPDATE CURRENT_TIMESTAMP,
    PRIMARY KEY (`id`),
    UNIQUE KEY `uk_store_initialization_snapshot_owner_store` (`owner_user_id`, `store_code`),
    KEY `idx_store_initialization_snapshot_store_code` (`store_code`)
) ENGINE=InnoDB DEFAULT CHARSET=utf8mb4;

CREATE TABLE IF NOT EXISTS `procurement_order` (
    `id` BIGINT NOT NULL,
    `owner_user_id` BIGINT NOT NULL,
    `order_no` VARCHAR(50) NOT NULL,
    `title` VARCHAR(200) DEFAULT NULL,
    `status` VARCHAR(30) DEFAULT 'SCREENING',
    `target_market` VARCHAR(20) DEFAULT NULL,
    `priority` VARCHAR(20) DEFAULT 'NORMAL',
    `source_type` VARCHAR(30) DEFAULT 'LINK_LIST',
    `item_count` INT DEFAULT 0,
    `selected_candidate_count` INT DEFAULT 0,
    `is_deleted` BIT(1) DEFAULT b'0',
    `created_by` BIGINT DEFAULT NULL,
    `updated_by` BIGINT DEFAULT NULL,
    `gmt_create` DATETIME DEFAULT CURRENT_TIMESTAMP,
    `gmt_updated` DATETIME DEFAULT CURRENT_TIMESTAMP ON UPDATE CURRENT_TIMESTAMP,
    PRIMARY KEY (`id`),
    UNIQUE KEY `uk_procurement_order_no` (`order_no`)
) ENGINE=InnoDB DEFAULT CHARSET=utf8mb4;

CREATE TABLE IF NOT EXISTS `forwarder` (
    `id` BIGINT NOT NULL,
    `name` VARCHAR(100) NOT NULL,
    `alias` VARCHAR(200) DEFAULT NULL,
    `company_name` VARCHAR(200) DEFAULT NULL,
    `status` VARCHAR(30) DEFAULT 'ACTIVE',
    `contact_info_json` LONGTEXT DEFAULT NULL,
    `notes` VARCHAR(500) DEFAULT NULL,
    `created_by` BIGINT DEFAULT NULL,
    `updated_by` BIGINT DEFAULT NULL,
    `gmt_create` DATETIME DEFAULT CURRENT_TIMESTAMP,
    `gmt_updated` DATETIME DEFAULT CURRENT_TIMESTAMP ON UPDATE CURRENT_TIMESTAMP,
    PRIMARY KEY (`id`),
    UNIQUE KEY `uk_forwarder_name` (`name`)
) ENGINE=InnoDB DEFAULT CHARSET=utf8mb4;

CREATE TABLE IF NOT EXISTS `quote_source_bundle` (
    `id` BIGINT NOT NULL,
    `forwarder_id` BIGINT NOT NULL,
    `bundle_name` VARCHAR(200) NOT NULL,
    `analysis_status` VARCHAR(30) DEFAULT 'DRAFT',
    `analysis_summary` VARCHAR(500) DEFAULT NULL,
    `created_by` BIGINT DEFAULT NULL,
    `updated_by` BIGINT DEFAULT NULL,
    `gmt_create` DATETIME DEFAULT CURRENT_TIMESTAMP,
    `gmt_updated` DATETIME DEFAULT CURRENT_TIMESTAMP ON UPDATE CURRENT_TIMESTAMP,
    PRIMARY KEY (`id`),
    KEY `idx_quote_source_bundle_forwarder_id` (`forwarder_id`)
) ENGINE=InnoDB DEFAULT CHARSET=utf8mb4;

CREATE TABLE IF NOT EXISTS `quote_source_file` (
    `id` BIGINT NOT NULL,
    `bundle_id` BIGINT NOT NULL,
    `file_name` VARCHAR(255) NOT NULL,
    `file_type` VARCHAR(30) DEFAULT NULL,
    `file_path` VARCHAR(500) DEFAULT NULL,
    `file_hash` VARCHAR(100) DEFAULT NULL,
    `page_count` INT DEFAULT NULL,
    `created_by` BIGINT DEFAULT NULL,
    `updated_by` BIGINT DEFAULT NULL,
    `gmt_create` DATETIME DEFAULT CURRENT_TIMESTAMP,
    `gmt_updated` DATETIME DEFAULT CURRENT_TIMESTAMP ON UPDATE CURRENT_TIMESTAMP,
    PRIMARY KEY (`id`),
    KEY `idx_quote_source_file_bundle_id` (`bundle_id`)
) ENGINE=InnoDB DEFAULT CHARSET=utf8mb4;

CREATE TABLE IF NOT EXISTS `quote_source_note` (
    `id` BIGINT NOT NULL,
    `bundle_id` BIGINT NOT NULL,
    `note_type` VARCHAR(30) DEFAULT NULL,
    `source_channel` VARCHAR(50) DEFAULT NULL,
    `content` LONGTEXT NOT NULL,
    `author_name` VARCHAR(100) DEFAULT NULL,
    `created_by` BIGINT DEFAULT NULL,
    `updated_by` BIGINT DEFAULT NULL,
    `gmt_create` DATETIME DEFAULT CURRENT_TIMESTAMP,
    `gmt_updated` DATETIME DEFAULT CURRENT_TIMESTAMP ON UPDATE CURRENT_TIMESTAMP,
    PRIMARY KEY (`id`),
    KEY `idx_quote_source_note_bundle_id` (`bundle_id`)
) ENGINE=InnoDB DEFAULT CHARSET=utf8mb4;

CREATE TABLE IF NOT EXISTS `forwarder_quote_version` (
    `id` BIGINT NOT NULL,
    `forwarder_id` BIGINT NOT NULL,
    `bundle_id` BIGINT NOT NULL,
    `version_no` VARCHAR(50) NOT NULL,
    `effective_from` DATE DEFAULT NULL,
    `effective_to` DATE DEFAULT NULL,
    `status` VARCHAR(30) DEFAULT 'DRAFT',
    `summary` VARCHAR(500) DEFAULT NULL,
    `created_by` BIGINT DEFAULT NULL,
    `updated_by` BIGINT DEFAULT NULL,
    `gmt_create` DATETIME DEFAULT CURRENT_TIMESTAMP,
    `gmt_updated` DATETIME DEFAULT CURRENT_TIMESTAMP ON UPDATE CURRENT_TIMESTAMP,
    PRIMARY KEY (`id`),
    KEY `idx_forwarder_quote_version_forwarder_id` (`forwarder_id`),
    KEY `idx_forwarder_quote_version_bundle_id` (`bundle_id`)
) ENGINE=InnoDB DEFAULT CHARSET=utf8mb4;

CREATE TABLE IF NOT EXISTS `forwarder_service` (
    `id` BIGINT NOT NULL,
    `quote_version_id` BIGINT NOT NULL,
    `service_name` VARCHAR(200) NOT NULL,
    `country_code` VARCHAR(10) DEFAULT NULL,
    `route_code` VARCHAR(30) DEFAULT NULL,
    `transport_mode` VARCHAR(20) DEFAULT NULL,
    `business_type` VARCHAR(30) DEFAULT NULL,
    `service_scope` VARCHAR(50) DEFAULT NULL,
    `is_tax_included` BIT(1) DEFAULT NULL,
    `is_delivery_included` BIT(1) DEFAULT NULL,
    `transit_time_text` VARCHAR(100) DEFAULT NULL,
    `remarks` VARCHAR(500) DEFAULT NULL,
    `created_by` BIGINT DEFAULT NULL,
    `updated_by` BIGINT DEFAULT NULL,
    `gmt_create` DATETIME DEFAULT CURRENT_TIMESTAMP,
    `gmt_updated` DATETIME DEFAULT CURRENT_TIMESTAMP ON UPDATE CURRENT_TIMESTAMP,
    PRIMARY KEY (`id`),
    KEY `idx_forwarder_service_quote_version_id` (`quote_version_id`)
) ENGINE=InnoDB DEFAULT CHARSET=utf8mb4;

CREATE TABLE IF NOT EXISTS `forwarder_quote_rule` (
    `id` BIGINT NOT NULL,
    `service_id` BIGINT NOT NULL,
    `rule_name` VARCHAR(200) NOT NULL,
    `rule_type` VARCHAR(50) DEFAULT NULL,
    `cargo_category_l1` VARCHAR(100) DEFAULT NULL,
    `cargo_category_l2` VARCHAR(100) DEFAULT NULL,
    `cargo_keywords_json` LONGTEXT DEFAULT NULL,
    `billing_unit` VARCHAR(30) DEFAULT NULL,
    `currency` VARCHAR(10) DEFAULT NULL,
    `unit_price` DECIMAL(10,2) DEFAULT NULL,
    `min_charge_qty` DECIMAL(10,2) DEFAULT NULL,
    `min_charge_amount` DECIMAL(10,2) DEFAULT NULL,
    `calc_basis` VARCHAR(50) DEFAULT NULL,
    `volume_divisor` DECIMAL(10,2) DEFAULT NULL,
    `weight_volume_ratio` VARCHAR(50) DEFAULT NULL,
    `rounding_mode` VARCHAR(30) DEFAULT NULL,
    `rounding_precision` DECIMAL(10,2) DEFAULT NULL,
    `start_qty` DECIMAL(10,2) DEFAULT NULL,
    `end_qty` DECIMAL(10,2) DEFAULT NULL,
    `priority` INT DEFAULT 0,
    `is_active` BIT(1) DEFAULT b'1',
    `remarks` VARCHAR(500) DEFAULT NULL,
    `created_by` BIGINT DEFAULT NULL,
    `updated_by` BIGINT DEFAULT NULL,
    `gmt_create` DATETIME DEFAULT CURRENT_TIMESTAMP,
    `gmt_updated` DATETIME DEFAULT CURRENT_TIMESTAMP ON UPDATE CURRENT_TIMESTAMP,
    PRIMARY KEY (`id`),
    KEY `idx_forwarder_quote_rule_service_id` (`service_id`)
) ENGINE=InnoDB DEFAULT CHARSET=utf8mb4;

CREATE TABLE IF NOT EXISTS `forwarder_restriction_rule` (
    `id` BIGINT NOT NULL,
    `service_id` BIGINT NOT NULL,
    `restriction_type` VARCHAR(50) DEFAULT NULL,
    `restriction_operator` VARCHAR(20) DEFAULT NULL,
    `restriction_value` VARCHAR(100) DEFAULT NULL,
    `unit` VARCHAR(20) DEFAULT NULL,
    `description` VARCHAR(500) DEFAULT NULL,
    `severity` VARCHAR(20) DEFAULT NULL,
    `created_by` BIGINT DEFAULT NULL,
    `updated_by` BIGINT DEFAULT NULL,
    `gmt_create` DATETIME DEFAULT CURRENT_TIMESTAMP,
    `gmt_updated` DATETIME DEFAULT CURRENT_TIMESTAMP ON UPDATE CURRENT_TIMESTAMP,
    PRIMARY KEY (`id`),
    KEY `idx_forwarder_restriction_rule_service_id` (`service_id`)
) ENGINE=InnoDB DEFAULT CHARSET=utf8mb4;

CREATE TABLE IF NOT EXISTS `quote_evidence_ref` (
    `id` BIGINT NOT NULL,
    `quote_version_id` BIGINT NOT NULL,
    `target_type` VARCHAR(30) DEFAULT NULL,
    `target_id` BIGINT DEFAULT NULL,
    `source_type` VARCHAR(30) DEFAULT NULL,
    `source_id` BIGINT DEFAULT NULL,
    `locator` VARCHAR(100) DEFAULT NULL,
    `evidence_text` VARCHAR(500) DEFAULT NULL,
    `confidence_score` DECIMAL(5,2) DEFAULT NULL,
    `created_by` BIGINT DEFAULT NULL,
    `updated_by` BIGINT DEFAULT NULL,
    `gmt_create` DATETIME DEFAULT CURRENT_TIMESTAMP,
    `gmt_updated` DATETIME DEFAULT CURRENT_TIMESTAMP ON UPDATE CURRENT_TIMESTAMP,
    PRIMARY KEY (`id`),
    KEY `idx_quote_evidence_ref_quote_version_id` (`quote_version_id`)
) ENGINE=InnoDB DEFAULT CHARSET=utf8mb4;

CREATE TABLE IF NOT EXISTS `forwarder_reputation_snapshot` (
    `id` BIGINT NOT NULL,
    `forwarder_id` BIGINT NOT NULL,
    `bundle_id` BIGINT DEFAULT NULL,
    `snapshot_date` DATE DEFAULT NULL,
    `analysis_version` VARCHAR(50) DEFAULT NULL,
    `overall_score` INT DEFAULT NULL,
    `compliance_score` INT DEFAULT NULL,
    `timeliness_score` INT DEFAULT NULL,
    `price_transparency_score` INT DEFAULT NULL,
    `claims_score` INT DEFAULT NULL,
    `service_score` INT DEFAULT NULL,
    `source_confidence_score` DECIMAL(5,2) DEFAULT NULL,
    `major_red_flags_json` LONGTEXT DEFAULT NULL,
    `recent_risk_summary` VARCHAR(500) DEFAULT NULL,
    `positive_summary` VARCHAR(500) DEFAULT NULL,
    `negative_summary` VARCHAR(500) DEFAULT NULL,
    `recommendation_level` VARCHAR(10) DEFAULT NULL,
    `analysis_summary` VARCHAR(500) DEFAULT NULL,
    `created_by` BIGINT DEFAULT NULL,
    `updated_by` BIGINT DEFAULT NULL,
    `gmt_create` DATETIME DEFAULT CURRENT_TIMESTAMP,
    `gmt_updated` DATETIME DEFAULT CURRENT_TIMESTAMP ON UPDATE CURRENT_TIMESTAMP,
    PRIMARY KEY (`id`),
    KEY `idx_forwarder_reputation_snapshot_forwarder_id` (`forwarder_id`)
) ENGINE=InnoDB DEFAULT CHARSET=utf8mb4;

CREATE TABLE IF NOT EXISTS `forwarder_reputation_signal` (
    `id` BIGINT NOT NULL,
    `snapshot_id` BIGINT NOT NULL,
    `forwarder_id` BIGINT NOT NULL,
    `signal_type` VARCHAR(30) DEFAULT NULL,
    `polarity` VARCHAR(20) DEFAULT NULL,
    `severity` VARCHAR(20) DEFAULT NULL,
    `source_type` VARCHAR(30) DEFAULT NULL,
    `source_channel` VARCHAR(50) DEFAULT NULL,
    `source_url_or_ref` VARCHAR(500) DEFAULT NULL,
    `event_date` DATE DEFAULT NULL,
    `captured_at` DATETIME DEFAULT NULL,
    `topic` VARCHAR(200) DEFAULT NULL,
    `evidence_text` VARCHAR(500) DEFAULT NULL,
    `confidence_score` DECIMAL(5,2) DEFAULT NULL,
    `time_decay_weight` DECIMAL(5,2) DEFAULT NULL,
    `source_weight` DECIMAL(5,2) DEFAULT NULL,
    `effective_score_impact` DECIMAL(10,2) DEFAULT NULL,
    `created_by` BIGINT DEFAULT NULL,
    `updated_by` BIGINT DEFAULT NULL,
    `gmt_create` DATETIME DEFAULT CURRENT_TIMESTAMP,
    `gmt_updated` DATETIME DEFAULT CURRENT_TIMESTAMP ON UPDATE CURRENT_TIMESTAMP,
    PRIMARY KEY (`id`),
    KEY `idx_forwarder_reputation_signal_snapshot_id` (`snapshot_id`)
) ENGINE=InnoDB DEFAULT CHARSET=utf8mb4;

CREATE TABLE IF NOT EXISTS `forwarder_reputation_red_flag` (
    `id` BIGINT NOT NULL,
    `snapshot_id` BIGINT NOT NULL,
    `forwarder_id` BIGINT NOT NULL,
    `flag_type` VARCHAR(50) DEFAULT NULL,
    `severity` VARCHAR(20) DEFAULT NULL,
    `evidence_text` VARCHAR(500) DEFAULT NULL,
    `source_url_or_ref` VARCHAR(500) DEFAULT NULL,
    `event_date` DATE DEFAULT NULL,
    `is_active` BIT(1) DEFAULT b'1',
    `created_by` BIGINT DEFAULT NULL,
    `updated_by` BIGINT DEFAULT NULL,
    `gmt_create` DATETIME DEFAULT CURRENT_TIMESTAMP,
    `gmt_updated` DATETIME DEFAULT CURRENT_TIMESTAMP ON UPDATE CURRENT_TIMESTAMP,
    PRIMARY KEY (`id`),
    KEY `idx_forwarder_reputation_red_flag_snapshot_id` (`snapshot_id`)
) ENGINE=InnoDB DEFAULT CHARSET=utf8mb4;

CREATE TABLE IF NOT EXISTS `procurement_demand_item` (
    `id` BIGINT NOT NULL,
    `order_id` BIGINT NOT NULL,
    `line_no` INT DEFAULT 1,
    `source_platform` VARCHAR(30) DEFAULT NULL,
    `source_url` VARCHAR(800) DEFAULT NULL,
    `source_title` VARCHAR(255) DEFAULT NULL,
    `source_image_url` VARCHAR(800) DEFAULT NULL,
    `source_detail_image_url` VARCHAR(800) DEFAULT NULL,
    `source_package_image_url` VARCHAR(800) DEFAULT NULL,
    `target_price_min` DECIMAL(10,2) DEFAULT NULL,
    `target_price_max` DECIMAL(10,2) DEFAULT NULL,
    `target_quantity` INT DEFAULT NULL,
    `target_site` VARCHAR(20) DEFAULT NULL,
    `special_requirement` VARCHAR(255) DEFAULT NULL,
    `target_material` VARCHAR(1000) DEFAULT NULL,
    `target_power_mode` VARCHAR(100) DEFAULT NULL,
    `target_size_text` VARCHAR(100) DEFAULT NULL,
    `target_package_type` VARCHAR(100) DEFAULT NULL,
    `delivery_expectation` VARCHAR(100) DEFAULT NULL,
    `status` VARCHAR(30) DEFAULT 'SCREENING',
    `selected_candidate_id` BIGINT DEFAULT NULL,
    `is_deleted` BIT(1) DEFAULT b'0',
    `created_by` BIGINT DEFAULT NULL,
    `updated_by` BIGINT DEFAULT NULL,
    `gmt_create` DATETIME DEFAULT CURRENT_TIMESTAMP,
    `gmt_updated` DATETIME DEFAULT CURRENT_TIMESTAMP ON UPDATE CURRENT_TIMESTAMP,
    PRIMARY KEY (`id`),
    KEY `idx_procurement_demand_item_order_id` (`order_id`)
) ENGINE=InnoDB DEFAULT CHARSET=utf8mb4;

SET @procurement_demand_item_add_source_detail_image_url := (
    SELECT IF(
        EXISTS(
            SELECT 1
            FROM information_schema.COLUMNS
            WHERE TABLE_SCHEMA = DATABASE()
              AND TABLE_NAME = 'procurement_demand_item'
              AND COLUMN_NAME = 'source_detail_image_url'
        ),
        'SELECT 1',
        'ALTER TABLE `procurement_demand_item` ADD COLUMN `source_detail_image_url` VARCHAR(800) DEFAULT NULL AFTER `source_image_url`'
    )
);
PREPARE stmt FROM @procurement_demand_item_add_source_detail_image_url;
EXECUTE stmt;
DEALLOCATE PREPARE stmt;

SET @procurement_demand_item_add_source_package_image_url := (
    SELECT IF(
        EXISTS(
            SELECT 1
            FROM information_schema.COLUMNS
            WHERE TABLE_SCHEMA = DATABASE()
              AND TABLE_NAME = 'procurement_demand_item'
              AND COLUMN_NAME = 'source_package_image_url'
        ),
        'SELECT 1',
        'ALTER TABLE `procurement_demand_item` ADD COLUMN `source_package_image_url` VARCHAR(800) DEFAULT NULL AFTER `source_detail_image_url`'
    )
);
PREPARE stmt FROM @procurement_demand_item_add_source_package_image_url;
EXECUTE stmt;
DEALLOCATE PREPARE stmt;

SET @procurement_demand_item_add_target_material := (
    SELECT IF(
        EXISTS(
            SELECT 1
            FROM information_schema.COLUMNS
            WHERE TABLE_SCHEMA = DATABASE()
              AND TABLE_NAME = 'procurement_demand_item'
              AND COLUMN_NAME = 'target_material'
        ),
        'SELECT 1',
        'ALTER TABLE `procurement_demand_item` ADD COLUMN `target_material` VARCHAR(1000) DEFAULT NULL AFTER `special_requirement`'
    )
);
PREPARE stmt FROM @procurement_demand_item_add_target_material;
EXECUTE stmt;
DEALLOCATE PREPARE stmt;

SET @procurement_demand_item_expand_target_material := (
    SELECT IF(
        EXISTS(
            SELECT 1
            FROM information_schema.COLUMNS
            WHERE TABLE_SCHEMA = DATABASE()
              AND TABLE_NAME = 'procurement_demand_item'
              AND COLUMN_NAME = 'target_material'
              AND CHARACTER_MAXIMUM_LENGTH < 1000
        ),
        'ALTER TABLE `procurement_demand_item` MODIFY COLUMN `target_material` VARCHAR(1000) DEFAULT NULL',
        'SELECT 1'
    )
);
PREPARE stmt FROM @procurement_demand_item_expand_target_material;
EXECUTE stmt;
DEALLOCATE PREPARE stmt;

SET @procurement_demand_item_add_target_power_mode := (
    SELECT IF(
        EXISTS(
            SELECT 1
            FROM information_schema.COLUMNS
            WHERE TABLE_SCHEMA = DATABASE()
              AND TABLE_NAME = 'procurement_demand_item'
              AND COLUMN_NAME = 'target_power_mode'
        ),
        'SELECT 1',
        'ALTER TABLE `procurement_demand_item` ADD COLUMN `target_power_mode` VARCHAR(100) DEFAULT NULL AFTER `target_material`'
    )
);
PREPARE stmt FROM @procurement_demand_item_add_target_power_mode;
EXECUTE stmt;
DEALLOCATE PREPARE stmt;

SET @procurement_demand_item_add_target_size_text := (
    SELECT IF(
        EXISTS(
            SELECT 1
            FROM information_schema.COLUMNS
            WHERE TABLE_SCHEMA = DATABASE()
              AND TABLE_NAME = 'procurement_demand_item'
              AND COLUMN_NAME = 'target_size_text'
        ),
        'SELECT 1',
        'ALTER TABLE `procurement_demand_item` ADD COLUMN `target_size_text` VARCHAR(100) DEFAULT NULL AFTER `target_power_mode`'
    )
);
PREPARE stmt FROM @procurement_demand_item_add_target_size_text;
EXECUTE stmt;
DEALLOCATE PREPARE stmt;

SET @procurement_demand_item_add_target_package_type := (
    SELECT IF(
        EXISTS(
            SELECT 1
            FROM information_schema.COLUMNS
            WHERE TABLE_SCHEMA = DATABASE()
              AND TABLE_NAME = 'procurement_demand_item'
              AND COLUMN_NAME = 'target_package_type'
        ),
        'SELECT 1',
        'ALTER TABLE `procurement_demand_item` ADD COLUMN `target_package_type` VARCHAR(100) DEFAULT NULL AFTER `target_size_text`'
    )
);
PREPARE stmt FROM @procurement_demand_item_add_target_package_type;
EXECUTE stmt;
DEALLOCATE PREPARE stmt;

SET @procurement_demand_item_add_delivery_expectation := (
    SELECT IF(
        EXISTS(
            SELECT 1
            FROM information_schema.COLUMNS
            WHERE TABLE_SCHEMA = DATABASE()
              AND TABLE_NAME = 'procurement_demand_item'
              AND COLUMN_NAME = 'delivery_expectation'
        ),
        'SELECT 1',
        'ALTER TABLE `procurement_demand_item` ADD COLUMN `delivery_expectation` VARCHAR(100) DEFAULT NULL AFTER `target_package_type`'
    )
);
PREPARE stmt FROM @procurement_demand_item_add_delivery_expectation;
EXECUTE stmt;
DEALLOCATE PREPARE stmt;

CREATE TABLE IF NOT EXISTS `procurement_match_task` (
    `id` BIGINT NOT NULL,
    `demand_item_id` BIGINT NOT NULL,
    `status` VARCHAR(30) DEFAULT 'QUEUED',
    `progress_percent` INT DEFAULT 0,
    `search_mode` VARCHAR(30) DEFAULT NULL,
    `selected_image_count` INT DEFAULT 0,
    `search_path` VARCHAR(100) DEFAULT NULL,
    `result_count` INT DEFAULT 0,
    `recommended_count` INT DEFAULT 0,
    `message` VARCHAR(255) DEFAULT NULL,
    `started_at` DATETIME DEFAULT NULL,
    `finished_at` DATETIME DEFAULT NULL,
    `is_deleted` BIT(1) DEFAULT b'0',
    `created_by` BIGINT DEFAULT NULL,
    `updated_by` BIGINT DEFAULT NULL,
    `gmt_create` DATETIME DEFAULT CURRENT_TIMESTAMP,
    `gmt_updated` DATETIME DEFAULT CURRENT_TIMESTAMP ON UPDATE CURRENT_TIMESTAMP,
    PRIMARY KEY (`id`),
    KEY `idx_procurement_match_task_item_id` (`demand_item_id`)
) ENGINE=InnoDB DEFAULT CHARSET=utf8mb4;

CREATE TABLE IF NOT EXISTS `procurement_candidate` (
    `id` BIGINT NOT NULL,
    `demand_item_id` BIGINT NOT NULL,
    `task_id` BIGINT DEFAULT NULL,
    `rank_no` INT DEFAULT 1,
    `level` VARCHAR(20) DEFAULT 'review',
    `total_score` INT DEFAULT 0,
    `fit_score` INT DEFAULT 0,
    `spec_score` INT DEFAULT 0,
    `price_score` INT DEFAULT 0,
    `supplier_score` INT DEFAULT 0,
    `logistics_score` INT DEFAULT 0,
    `candidate_platform` VARCHAR(30) DEFAULT '1688',
    `candidate_url` VARCHAR(800) DEFAULT NULL,
    `title` VARCHAR(255) DEFAULT NULL,
    `supplier_name` VARCHAR(100) DEFAULT NULL,
    `price_text` VARCHAR(100) DEFAULT NULL,
    `moq_text` VARCHAR(100) DEFAULT NULL,
    `location_text` VARCHAR(100) DEFAULT NULL,
    `material_text` VARCHAR(100) DEFAULT NULL,
    `power_mode_text` VARCHAR(100) DEFAULT NULL,
    `size_text` VARCHAR(100) DEFAULT NULL,
    `package_text` VARCHAR(100) DEFAULT NULL,
    `delivery_timeline_text` VARCHAR(100) DEFAULT NULL,
    `result_card_text` VARCHAR(1000) DEFAULT NULL,
    `detail_highlight_text` VARCHAR(1000) DEFAULT NULL,
    `attribute_snapshot_text` VARCHAR(1000) DEFAULT NULL,
    `shipping_snapshot_text` VARCHAR(1000) DEFAULT NULL,
    `package_snapshot_text` VARCHAR(1000) DEFAULT NULL,
    `main_image_url` VARCHAR(800) DEFAULT NULL,
    `detail_image_url` VARCHAR(800) DEFAULT NULL,
    `delivery_image_url` VARCHAR(800) DEFAULT NULL,
    `manual_review_note` VARCHAR(1000) DEFAULT NULL,
    `inquiry_summary` VARCHAR(1000) DEFAULT NULL,
    `next_action` VARCHAR(40) DEFAULT NULL,
    `badges_text` VARCHAR(500) DEFAULT NULL,
    `reasons_text` VARCHAR(1000) DEFAULT NULL,
    `warnings_text` VARCHAR(1000) DEFAULT NULL,
    `is_selected` BIT(1) DEFAULT b'0',
    `decision_status` VARCHAR(30) DEFAULT 'PENDING',
    `is_deleted` BIT(1) DEFAULT b'0',
    `created_by` BIGINT DEFAULT NULL,
    `updated_by` BIGINT DEFAULT NULL,
    `gmt_create` DATETIME DEFAULT CURRENT_TIMESTAMP,
    `gmt_updated` DATETIME DEFAULT CURRENT_TIMESTAMP ON UPDATE CURRENT_TIMESTAMP,
    PRIMARY KEY (`id`),
    KEY `idx_procurement_candidate_item_id` (`demand_item_id`)
) ENGINE=InnoDB DEFAULT CHARSET=utf8mb4;

CREATE TABLE IF NOT EXISTS `procurement_auto_inquiry_task` (
    `id` BIGINT NOT NULL,
    `owner_user_id` BIGINT NOT NULL,
    `demand_item_id` BIGINT NOT NULL,
    `candidate_id` BIGINT NOT NULL,
    `session_id` BIGINT DEFAULT NULL,
    `platform` VARCHAR(20) DEFAULT '1688',
    `status` VARCHAR(30) DEFAULT 'PENDING',
    `execution_stage` VARCHAR(40) DEFAULT 'CREATED',
    `attempt_no` INT DEFAULT 0,
    `max_attempts` INT DEFAULT 3,
    `target_offer_id` VARCHAR(100) DEFAULT NULL,
    `target_supplier_identity` VARCHAR(200) DEFAULT NULL,
    `target_entry_url` VARCHAR(800) DEFAULT NULL,
    `target_locator_text` VARCHAR(1000) DEFAULT NULL,
    `input_preview_text` VARCHAR(500) DEFAULT NULL,
    `input_payload_text` TEXT DEFAULT NULL,
    `input_payload_hash` VARCHAR(64) DEFAULT NULL,
    `input_locator` VARCHAR(300) DEFAULT NULL,
    `send_channel` VARCHAR(40) DEFAULT NULL,
    `send_evidence` VARCHAR(1000) DEFAULT NULL,
    `thread_checkpoint` VARCHAR(300) DEFAULT NULL,
    `last_message_digest` VARCHAR(128) DEFAULT NULL,
    `failure_code` VARCHAR(80) DEFAULT NULL,
    `failure_message` VARCHAR(500) DEFAULT NULL,
    `handoff_reason` VARCHAR(500) DEFAULT NULL,
    `message` VARCHAR(255) DEFAULT NULL,
    `started_at` DATETIME DEFAULT NULL,
    `sent_at` DATETIME DEFAULT NULL,
    `confirmed_at` DATETIME DEFAULT NULL,
    `finished_at` DATETIME DEFAULT NULL,
    `last_event_at` DATETIME DEFAULT NULL,
    `is_deleted` BIT(1) DEFAULT b'0',
    `created_by` BIGINT DEFAULT NULL,
    `updated_by` BIGINT DEFAULT NULL,
    `gmt_create` DATETIME DEFAULT CURRENT_TIMESTAMP,
    `gmt_updated` DATETIME DEFAULT CURRENT_TIMESTAMP ON UPDATE CURRENT_TIMESTAMP,
    PRIMARY KEY (`id`),
    KEY `idx_procurement_auto_inquiry_task_item_id` (`demand_item_id`),
    KEY `idx_procurement_auto_inquiry_task_candidate_id` (`candidate_id`),
    KEY `idx_procurement_auto_inquiry_task_status` (`status`)
) ENGINE=InnoDB DEFAULT CHARSET=utf8mb4;

SET @procurement_auto_inquiry_task_add_input_locator := (
    SELECT IF(
        EXISTS(
            SELECT 1
            FROM information_schema.COLUMNS
            WHERE TABLE_SCHEMA = DATABASE()
              AND TABLE_NAME = 'procurement_auto_inquiry_task'
              AND COLUMN_NAME = 'input_locator'
        ),
        'SELECT 1',
        'ALTER TABLE `procurement_auto_inquiry_task` ADD COLUMN `input_locator` VARCHAR(300) DEFAULT NULL AFTER `input_payload_hash`'
    )
);
PREPARE stmt FROM @procurement_auto_inquiry_task_add_input_locator;
EXECUTE stmt;
DEALLOCATE PREPARE stmt;

SET @procurement_auto_inquiry_task_add_send_channel := (
    SELECT IF(
        EXISTS(
            SELECT 1
            FROM information_schema.COLUMNS
            WHERE TABLE_SCHEMA = DATABASE()
              AND TABLE_NAME = 'procurement_auto_inquiry_task'
              AND COLUMN_NAME = 'send_channel'
        ),
        'SELECT 1',
        'ALTER TABLE `procurement_auto_inquiry_task` ADD COLUMN `send_channel` VARCHAR(40) DEFAULT NULL AFTER `input_locator`'
    )
);
PREPARE stmt FROM @procurement_auto_inquiry_task_add_send_channel;
EXECUTE stmt;
DEALLOCATE PREPARE stmt;

SET @procurement_auto_inquiry_task_add_send_evidence := (
    SELECT IF(
        EXISTS(
            SELECT 1
            FROM information_schema.COLUMNS
            WHERE TABLE_SCHEMA = DATABASE()
              AND TABLE_NAME = 'procurement_auto_inquiry_task'
              AND COLUMN_NAME = 'send_evidence'
        ),
        'SELECT 1',
        'ALTER TABLE `procurement_auto_inquiry_task` ADD COLUMN `send_evidence` VARCHAR(1000) DEFAULT NULL AFTER `send_channel`'
    )
);
PREPARE stmt FROM @procurement_auto_inquiry_task_add_send_evidence;
EXECUTE stmt;
DEALLOCATE PREPARE stmt;

SET @procurement_auto_inquiry_task_add_thread_checkpoint := (
    SELECT IF(
        EXISTS(
            SELECT 1
            FROM information_schema.COLUMNS
            WHERE TABLE_SCHEMA = DATABASE()
              AND TABLE_NAME = 'procurement_auto_inquiry_task'
              AND COLUMN_NAME = 'thread_checkpoint'
        ),
        'SELECT 1',
        'ALTER TABLE `procurement_auto_inquiry_task` ADD COLUMN `thread_checkpoint` VARCHAR(300) DEFAULT NULL AFTER `send_evidence`'
    )
);
PREPARE stmt FROM @procurement_auto_inquiry_task_add_thread_checkpoint;
EXECUTE stmt;
DEALLOCATE PREPARE stmt;

SET @procurement_auto_inquiry_task_add_last_message_digest := (
    SELECT IF(
        EXISTS(
            SELECT 1
            FROM information_schema.COLUMNS
            WHERE TABLE_SCHEMA = DATABASE()
              AND TABLE_NAME = 'procurement_auto_inquiry_task'
              AND COLUMN_NAME = 'last_message_digest'
        ),
        'SELECT 1',
        'ALTER TABLE `procurement_auto_inquiry_task` ADD COLUMN `last_message_digest` VARCHAR(128) DEFAULT NULL AFTER `thread_checkpoint`'
    )
);
PREPARE stmt FROM @procurement_auto_inquiry_task_add_last_message_digest;
EXECUTE stmt;
DEALLOCATE PREPARE stmt;

SET @procurement_auto_inquiry_task_add_sent_at := (
    SELECT IF(
        EXISTS(
            SELECT 1
            FROM information_schema.COLUMNS
            WHERE TABLE_SCHEMA = DATABASE()
              AND TABLE_NAME = 'procurement_auto_inquiry_task'
              AND COLUMN_NAME = 'sent_at'
        ),
        'SELECT 1',
        'ALTER TABLE `procurement_auto_inquiry_task` ADD COLUMN `sent_at` DATETIME DEFAULT NULL AFTER `started_at`'
    )
);
PREPARE stmt FROM @procurement_auto_inquiry_task_add_sent_at;
EXECUTE stmt;
DEALLOCATE PREPARE stmt;

SET @procurement_auto_inquiry_task_add_confirmed_at := (
    SELECT IF(
        EXISTS(
            SELECT 1
            FROM information_schema.COLUMNS
            WHERE TABLE_SCHEMA = DATABASE()
              AND TABLE_NAME = 'procurement_auto_inquiry_task'
              AND COLUMN_NAME = 'confirmed_at'
        ),
        'SELECT 1',
        'ALTER TABLE `procurement_auto_inquiry_task` ADD COLUMN `confirmed_at` DATETIME DEFAULT NULL AFTER `sent_at`'
    )
);
PREPARE stmt FROM @procurement_auto_inquiry_task_add_confirmed_at;
EXECUTE stmt;
DEALLOCATE PREPARE stmt;

CREATE TABLE IF NOT EXISTS `procurement_auto_inquiry_session` (
    `id` BIGINT NOT NULL,
    `platform` VARCHAR(20) DEFAULT '1688',
    `session_key` VARCHAR(120) NOT NULL,
    `account_label` VARCHAR(120) DEFAULT NULL,
    `status` VARCHAR(30) DEFAULT 'READY',
    `risk_code` VARCHAR(40) DEFAULT 'NORMAL',
    `leased_task_id` BIGINT DEFAULT NULL,
    `profile_path` VARCHAR(500) DEFAULT NULL,
    `browser_endpoint` VARCHAR(500) DEFAULT NULL,
    `note` VARCHAR(500) DEFAULT NULL,
    `last_checked_at` DATETIME DEFAULT NULL,
    `lease_updated_at` DATETIME DEFAULT NULL,
    `is_deleted` BIT(1) DEFAULT b'0',
    `created_by` BIGINT DEFAULT NULL,
    `updated_by` BIGINT DEFAULT NULL,
    `gmt_create` DATETIME DEFAULT CURRENT_TIMESTAMP,
    `gmt_updated` DATETIME DEFAULT CURRENT_TIMESTAMP ON UPDATE CURRENT_TIMESTAMP,
    PRIMARY KEY (`id`),
    UNIQUE KEY `uk_procurement_auto_inquiry_session_key` (`session_key`),
    KEY `idx_procurement_auto_inquiry_session_status` (`status`)
) ENGINE=InnoDB DEFAULT CHARSET=utf8mb4;

CREATE TABLE IF NOT EXISTS `procurement_auto_inquiry_event` (
    `id` BIGINT NOT NULL,
    `task_id` BIGINT NOT NULL,
    `event_type` VARCHAR(60) DEFAULT NULL,
    `status_before` VARCHAR(30) DEFAULT NULL,
    `status_after` VARCHAR(30) DEFAULT NULL,
    `execution_stage` VARCHAR(40) DEFAULT NULL,
    `event_message` VARCHAR(500) DEFAULT NULL,
    `event_payload` TEXT DEFAULT NULL,
    `is_deleted` BIT(1) DEFAULT b'0',
    `created_by` BIGINT DEFAULT NULL,
    `updated_by` BIGINT DEFAULT NULL,
    `gmt_create` DATETIME DEFAULT CURRENT_TIMESTAMP,
    `gmt_updated` DATETIME DEFAULT CURRENT_TIMESTAMP ON UPDATE CURRENT_TIMESTAMP,
    PRIMARY KEY (`id`),
    KEY `idx_procurement_auto_inquiry_event_task_id` (`task_id`)
) ENGINE=InnoDB DEFAULT CHARSET=utf8mb4;

SET @procurement_candidate_add_main_image_url := (
    SELECT IF(
        EXISTS(
            SELECT 1
            FROM information_schema.COLUMNS
            WHERE TABLE_SCHEMA = DATABASE()
              AND TABLE_NAME = 'procurement_candidate'
              AND COLUMN_NAME = 'main_image_url'
        ),
        'SELECT 1',
        'ALTER TABLE `procurement_candidate` ADD COLUMN `main_image_url` VARCHAR(800) DEFAULT NULL AFTER `location_text`'
    )
);
PREPARE stmt FROM @procurement_candidate_add_main_image_url;
EXECUTE stmt;
DEALLOCATE PREPARE stmt;

SET @procurement_candidate_add_detail_image_url := (
    SELECT IF(
        EXISTS(
            SELECT 1
            FROM information_schema.COLUMNS
            WHERE TABLE_SCHEMA = DATABASE()
              AND TABLE_NAME = 'procurement_candidate'
              AND COLUMN_NAME = 'detail_image_url'
        ),
        'SELECT 1',
        'ALTER TABLE `procurement_candidate` ADD COLUMN `detail_image_url` VARCHAR(800) DEFAULT NULL AFTER `main_image_url`'
    )
);
PREPARE stmt FROM @procurement_candidate_add_detail_image_url;
EXECUTE stmt;
DEALLOCATE PREPARE stmt;

SET @procurement_candidate_add_delivery_image_url := (
    SELECT IF(
        EXISTS(
            SELECT 1
            FROM information_schema.COLUMNS
            WHERE TABLE_SCHEMA = DATABASE()
              AND TABLE_NAME = 'procurement_candidate'
              AND COLUMN_NAME = 'delivery_image_url'
        ),
        'SELECT 1',
        'ALTER TABLE `procurement_candidate` ADD COLUMN `delivery_image_url` VARCHAR(800) DEFAULT NULL AFTER `detail_image_url`'
    )
);
PREPARE stmt FROM @procurement_candidate_add_delivery_image_url;
EXECUTE stmt;
DEALLOCATE PREPARE stmt;

SET @procurement_candidate_add_manual_review_note := (
    SELECT IF(
        EXISTS(
            SELECT 1
            FROM information_schema.COLUMNS
            WHERE TABLE_SCHEMA = DATABASE()
              AND TABLE_NAME = 'procurement_candidate'
              AND COLUMN_NAME = 'manual_review_note'
        ),
        'SELECT 1',
        'ALTER TABLE `procurement_candidate` ADD COLUMN `manual_review_note` VARCHAR(1000) DEFAULT NULL AFTER `delivery_image_url`'
    )
);
PREPARE stmt FROM @procurement_candidate_add_manual_review_note;
EXECUTE stmt;
DEALLOCATE PREPARE stmt;

SET @procurement_candidate_add_inquiry_summary := (
    SELECT IF(
        EXISTS(
            SELECT 1
            FROM information_schema.COLUMNS
            WHERE TABLE_SCHEMA = DATABASE()
              AND TABLE_NAME = 'procurement_candidate'
              AND COLUMN_NAME = 'inquiry_summary'
        ),
        'SELECT 1',
        'ALTER TABLE `procurement_candidate` ADD COLUMN `inquiry_summary` VARCHAR(1000) DEFAULT NULL AFTER `manual_review_note`'
    )
);
PREPARE stmt FROM @procurement_candidate_add_inquiry_summary;
EXECUTE stmt;
DEALLOCATE PREPARE stmt;

SET @procurement_candidate_add_next_action := (
    SELECT IF(
        EXISTS(
            SELECT 1
            FROM information_schema.COLUMNS
            WHERE TABLE_SCHEMA = DATABASE()
              AND TABLE_NAME = 'procurement_candidate'
              AND COLUMN_NAME = 'next_action'
        ),
        'SELECT 1',
        'ALTER TABLE `procurement_candidate` ADD COLUMN `next_action` VARCHAR(40) DEFAULT NULL AFTER `inquiry_summary`'
    )
);
PREPARE stmt FROM @procurement_candidate_add_next_action;
EXECUTE stmt;
DEALLOCATE PREPARE stmt;

SET @procurement_candidate_add_material_text := (
    SELECT IF(
        EXISTS(
            SELECT 1
            FROM information_schema.COLUMNS
            WHERE TABLE_SCHEMA = DATABASE()
              AND TABLE_NAME = 'procurement_candidate'
              AND COLUMN_NAME = 'material_text'
        ),
        'SELECT 1',
        'ALTER TABLE `procurement_candidate` ADD COLUMN `material_text` VARCHAR(100) DEFAULT NULL AFTER `location_text`'
    )
);
PREPARE stmt FROM @procurement_candidate_add_material_text;
EXECUTE stmt;
DEALLOCATE PREPARE stmt;

SET @procurement_candidate_add_power_mode_text := (
    SELECT IF(
        EXISTS(
            SELECT 1
            FROM information_schema.COLUMNS
            WHERE TABLE_SCHEMA = DATABASE()
              AND TABLE_NAME = 'procurement_candidate'
              AND COLUMN_NAME = 'power_mode_text'
        ),
        'SELECT 1',
        'ALTER TABLE `procurement_candidate` ADD COLUMN `power_mode_text` VARCHAR(100) DEFAULT NULL AFTER `material_text`'
    )
);
PREPARE stmt FROM @procurement_candidate_add_power_mode_text;
EXECUTE stmt;
DEALLOCATE PREPARE stmt;

SET @procurement_candidate_add_size_text := (
    SELECT IF(
        EXISTS(
            SELECT 1
            FROM information_schema.COLUMNS
            WHERE TABLE_SCHEMA = DATABASE()
              AND TABLE_NAME = 'procurement_candidate'
              AND COLUMN_NAME = 'size_text'
        ),
        'SELECT 1',
        'ALTER TABLE `procurement_candidate` ADD COLUMN `size_text` VARCHAR(100) DEFAULT NULL AFTER `power_mode_text`'
    )
);
PREPARE stmt FROM @procurement_candidate_add_size_text;
EXECUTE stmt;
DEALLOCATE PREPARE stmt;

SET @procurement_candidate_add_package_text := (
    SELECT IF(
        EXISTS(
            SELECT 1
            FROM information_schema.COLUMNS
            WHERE TABLE_SCHEMA = DATABASE()
              AND TABLE_NAME = 'procurement_candidate'
              AND COLUMN_NAME = 'package_text'
        ),
        'SELECT 1',
        'ALTER TABLE `procurement_candidate` ADD COLUMN `package_text` VARCHAR(100) DEFAULT NULL AFTER `size_text`'
    )
);
PREPARE stmt FROM @procurement_candidate_add_package_text;
EXECUTE stmt;
DEALLOCATE PREPARE stmt;

SET @procurement_candidate_add_delivery_timeline_text := (
    SELECT IF(
        EXISTS(
            SELECT 1
            FROM information_schema.COLUMNS
            WHERE TABLE_SCHEMA = DATABASE()
              AND TABLE_NAME = 'procurement_candidate'
              AND COLUMN_NAME = 'delivery_timeline_text'
        ),
        'SELECT 1',
        'ALTER TABLE `procurement_candidate` ADD COLUMN `delivery_timeline_text` VARCHAR(100) DEFAULT NULL AFTER `package_text`'
    )
);
PREPARE stmt FROM @procurement_candidate_add_delivery_timeline_text;
EXECUTE stmt;
DEALLOCATE PREPARE stmt;

SET @procurement_candidate_add_result_card_text := (
    SELECT IF(
        EXISTS(
            SELECT 1
            FROM information_schema.COLUMNS
            WHERE TABLE_SCHEMA = DATABASE()
              AND TABLE_NAME = 'procurement_candidate'
              AND COLUMN_NAME = 'result_card_text'
        ),
        'SELECT 1',
        'ALTER TABLE `procurement_candidate` ADD COLUMN `result_card_text` VARCHAR(1000) DEFAULT NULL AFTER `delivery_timeline_text`'
    )
);
PREPARE stmt FROM @procurement_candidate_add_result_card_text;
EXECUTE stmt;
DEALLOCATE PREPARE stmt;

SET @procurement_candidate_add_detail_highlight_text := (
    SELECT IF(
        EXISTS(
            SELECT 1
            FROM information_schema.COLUMNS
            WHERE TABLE_SCHEMA = DATABASE()
              AND TABLE_NAME = 'procurement_candidate'
              AND COLUMN_NAME = 'detail_highlight_text'
        ),
        'SELECT 1',
        'ALTER TABLE `procurement_candidate` ADD COLUMN `detail_highlight_text` VARCHAR(1000) DEFAULT NULL AFTER `result_card_text`'
    )
);
PREPARE stmt FROM @procurement_candidate_add_detail_highlight_text;
EXECUTE stmt;
DEALLOCATE PREPARE stmt;

SET @procurement_candidate_add_attribute_snapshot_text := (
    SELECT IF(
        EXISTS(
            SELECT 1
            FROM information_schema.COLUMNS
            WHERE TABLE_SCHEMA = DATABASE()
              AND TABLE_NAME = 'procurement_candidate'
              AND COLUMN_NAME = 'attribute_snapshot_text'
        ),
        'SELECT 1',
        'ALTER TABLE `procurement_candidate` ADD COLUMN `attribute_snapshot_text` VARCHAR(1000) DEFAULT NULL AFTER `detail_highlight_text`'
    )
);
PREPARE stmt FROM @procurement_candidate_add_attribute_snapshot_text;
EXECUTE stmt;
DEALLOCATE PREPARE stmt;

SET @procurement_candidate_add_shipping_snapshot_text := (
    SELECT IF(
        EXISTS(
            SELECT 1
            FROM information_schema.COLUMNS
            WHERE TABLE_SCHEMA = DATABASE()
              AND TABLE_NAME = 'procurement_candidate'
              AND COLUMN_NAME = 'shipping_snapshot_text'
        ),
        'SELECT 1',
        'ALTER TABLE `procurement_candidate` ADD COLUMN `shipping_snapshot_text` VARCHAR(1000) DEFAULT NULL AFTER `attribute_snapshot_text`'
    )
);
PREPARE stmt FROM @procurement_candidate_add_shipping_snapshot_text;
EXECUTE stmt;
DEALLOCATE PREPARE stmt;

SET @procurement_candidate_add_package_snapshot_text := (
    SELECT IF(
        EXISTS(
            SELECT 1
            FROM information_schema.COLUMNS
            WHERE TABLE_SCHEMA = DATABASE()
              AND TABLE_NAME = 'procurement_candidate'
              AND COLUMN_NAME = 'package_snapshot_text'
        ),
        'SELECT 1',
        'ALTER TABLE `procurement_candidate` ADD COLUMN `package_snapshot_text` VARCHAR(1000) DEFAULT NULL AFTER `shipping_snapshot_text`'
    )
);
PREPARE stmt FROM @procurement_candidate_add_package_snapshot_text;
EXECUTE stmt;
DEALLOCATE PREPARE stmt;

DELETE FROM `procurement_auto_inquiry_event`;
DELETE FROM `procurement_auto_inquiry_task`;
DELETE FROM `procurement_auto_inquiry_session`;
DELETE FROM `procurement_candidate`;
DELETE FROM `procurement_match_task`;
DELETE FROM `procurement_demand_item`;
DELETE FROM `procurement_order`;
DELETE FROM `user_menu`;
DELETE FROM `role_menu`;
DELETE FROM `user_store`;
DELETE FROM `menu`;
DELETE FROM `user`;
DELETE FROM `role`;

INSERT INTO `procurement_auto_inquiry_session` (
    `id`, `platform`, `session_key`, `account_label`, `status`, `risk_code`, `leased_task_id`,
    `profile_path`, `browser_endpoint`, `note`, `last_checked_at`, `lease_updated_at`,
    `is_deleted`, `created_by`, `updated_by`
)
VALUES
    (43999, '1688', '1688-local-chrome-send-validation', '1688ТюгТю║ChromeжфїУ»ЂС╝џУ»Ю', 'READY', 'NORMAL', NULL,
     '/Applications/Google Chrome.app', 'chrome-local://default', 'тЈЉжђЂжЊЙУи»жфїУ»ЂСИЊуће№╝ЏжюђУдЂТюгТю║ Chrome ти▓уЎ╗тйЋ 1688', NOW(), NOW(),
     b'0', 1, 1),
    (44001, '1688', '1688-svc-default-01', '1688ТюЇтіАУ┤дтЈи-01', 'READY', 'NORMAL', NULL,
     '/srv/nuono/browser/1688-svc-default-01', 'mock://1688-svc-default-01', 'Тюгтю░т╝ђтЈЉж╗ўУ«цС╝џУ»ЮТаиТюг', NOW(), NOW(),
     b'0', 1, 1),
    (44002, '1688', '1688-svc-default-02', '1688ТюЇтіАУ┤дтЈи-02', 'READY', 'NORMAL', NULL,
     '/srv/nuono/browser/1688-svc-default-02', 'mock://1688-svc-default-02', 'Тюгтю░т╝ђтЈЉж╗ўУ«цС╝џУ»ЮТаиТюг', NOW(), NOW(),
     b'0', 1, 1),
    (44003, '1688', '1688-svc-default-03', '1688ТюЇтіАУ┤дтЈи-03', 'READY', 'NORMAL', NULL,
     '/srv/nuono/browser/1688-svc-default-03', 'mock://1688-svc-default-03', 'Тюгтю░т╝ђтЈЉж╗ўУ«цС╝џУ»ЮТаиТюг', NOW(), NOW(),
     b'0', 1, 1);

INSERT INTO `role` (`id`, `name`, `code`, `description`, `is_system`, `parent_id`, `level`, `is_deleted`, `created_by`, `updated_by`)
VALUES
    (1, 'у│╗у╗Ъу«АуљєтЉў', 'SYSTEM_ADMIN', 'т╣│тЈ░ТюђжФўТЮЃжЎљ', b'1', 0, 0, b'0', 1, 1),
    (2, 'УђЂТЮ┐', 'BOSS', 'тЋєт«ХУ┤ЪУ┤БС║║', b'1', 1, 1, b'0', 1, 1),
    (3, 'У┐љУљЦСИ╗у«А', 'OPS_MANAGER', 'у«АуљєУ┐љУљЦтЏбжўЪ', b'1', 2, 2, b'0', 1, 1),
    (4, 'У┐љУљЦ', 'OPS', 'У┤ЪУ┤БжђЅтЊЂсђЂСИіТъХсђЂТ┤╗тіе', b'1', 3, 3, b'0', 1, 1),
    (5, 'жЄЄУ┤Г', 'PURCHASE', 'У┤ЪУ┤БУ»бС╗исђЂСИІтЇЋсђЂТѕљТюг', b'1', 3, 3, b'0', 1, 1),
    (6, 'С╗Њу«А', 'WAREHOUSE', 'У┤ЪУ┤БтЁЦт║ЊсђЂу║дС╗ЊсђЂтЈЉУ┤Д', b'1', 3, 3, b'0', 1, 1);

INSERT INTO `menu` (`id`, `name`, `parent_id`, `url_path`, `is_deleted`)
VALUES
    (6, 'тѕЕТХдУ«Ау«Ќ', 0, '/profit', b'0'),
    (9, 'у║дС╗ЊуюІТЮ┐', 0, '/warehouse/appointment', b'0'),
    (10, 'ућеТѕиу«Ауљє', 0, '/user/manage', b'0'),
    (19, 'С╗╗тіАтѕЌУАе', 0, '/task', b'0'),
    (21, 'тЋєтЊЂжћђжЄЈ', 0, '/sales', b'0'),
    (22, 'ТЋ░ТЇ«жбёу║д', 0, '/data-reservation', b'0'),
    (25, 'УДњУЅ▓тѕєжЁЇ', 0, '/user/role', b'0'),
    (26, 'УДњУЅ▓у╗┤Тіц', 0, '/system/role', b'0'),
    (27, 'УЈютЇЋу╗┤Тіц', 0, '/system/menu', b'0');

INSERT INTO `role_menu` (`id`, `role_id`, `menu_id`, `is_deleted`)
VALUES
    (1001, 1, 6, b'0'),
    (1002, 1, 9, b'0'),
    (1003, 1, 10, b'0'),
    (1004, 1, 19, b'0'),
    (1005, 1, 21, b'0'),
    (1006, 1, 22, b'0'),
    (1007, 1, 25, b'0'),
    (1008, 1, 26, b'0'),
    (1009, 1, 27, b'0'),
    (1101, 2, 6, b'0'),
    (1102, 2, 9, b'0'),
    (1103, 2, 19, b'0'),
    (1104, 2, 21, b'0'),
    (1105, 2, 22, b'0'),
    (1106, 2, 25, b'0'),
    (1107, 2, 26, b'0'),
    (1108, 2, 27, b'0'),
    (1201, 3, 6, b'0'),
    (1202, 3, 9, b'0'),
    (1203, 3, 19, b'0'),
    (1204, 3, 21, b'0'),
    (1205, 3, 22, b'0'),
    (1206, 3, 25, b'0'),
    (1301, 4, 6, b'0'),
    (1302, 4, 9, b'0'),
    (1303, 4, 19, b'0'),
    (1304, 4, 21, b'0'),
    (1305, 4, 22, b'0');

INSERT INTO `user` (
    `id`, `phone`, `email`, `account_no`, `password`, `role`, `role_id`, `account_type`, `real_name`,
    `company_name`, `list_limit`, `collect_limit`, `wh_ap_limit`, `chatgpt_translate_limit`, `level`,
    `noon_partner_user`, `noon_partner_project_user`, `noon_partner_pwd`, `noon_partner_id`,
    `noon_partner_user_code`, `noon_partner_mail_auth_code`, `status`, `effective_time`, `expired_time`,
    `is_deleted`, `created_by`, `updated_by`
)
VALUES
    (10001, '18500000001', 'admin@nuono.local', 'admin', 'admin123', 'ADMIN', 1, 'internal', 'у│╗у╗Ъу«АуљєтЉў',
     'Nuono Next', 999, 999, 999, 999, 0,
     NULL, NULL, NULL, NULL,
     NULL, NULL, 1, NOW(), '2099-12-31 23:59:59',
     b'0', 1, 1),
    (10002, '18521524250', 'boss@demo.local', 'xingyaoqw', 'boss123', 'BOSS', 2, 'internal', 'УђЂТЮ┐уц║СЙІ',
     'xingyao', 50, 50, 10, 20, 1,
     'nuonuo@p245027.idp.noon.partners', 'nuonuo@p245027.idp.noon.partners', 'j0vtZ%ftvG324VU(', 'P245027',
     'UC-10002', 'MAIL-10002', 1, NOW(), '2099-12-31 23:59:59',
     b'0', 10001, 10001),
    (10003, '18521524251', 'manager@demo.local', 'Т»Ћу┐ау║б', 'manager123', 'OPS_MANAGER', 3, 'internal', 'Т»Ћу┐ау║б',
     'ТЮЙТъюТъютё┐', 30, 30, 8, 12, 2,
     'bicuihong.noon', 'bicuihong.project', 'ops-pass', 'NP-10003',
     'UC-10003', 'MAIL-10003', 1, NOW(), '2099-12-31 23:59:59',
     b'0', 10002, 10002),
    (10004, '18521524252', 'ops1@demo.local', 'жЕгтцЕжЙЎ', 'ops123', 'OPS', 4, 'internal', 'жЕгтцЕжЙЎ',
     'ТЮЙТъюТъютё┐', 20, 20, 4, 6, 3,
     'matianlong.noon', 'matianlong.project', 'ops-pass', 'NP-10004',
     'UC-10004', 'MAIL-10004', 1, NOW(), '2099-12-31 23:59:59',
     b'0', 10003, 10003),
    (10005, '18660614134', 'ops2@demo.local', '18660614134', 'ops234', 'OPS', 4, 'external', 'т╝ѓтИИу║дС╗ЊТаиТюг',
     'ТЮЙТъюТъютё┐', 20, 20, 4, 6, 3,
     'appoint.demo', 'appoint.project', 'ops-pass', 'NP-10005',
     'UC-10005', 'MAIL-10005', 1, NOW(), '2099-12-31 23:59:59',
     b'0', 10003, 10003),
    (10006, '15812516142', 'legacy@demo.local', 'legacy_xingyaoqw', 'legacy123', 'BOSS', 2, 'external', 'жЂЌуЋЎу╗Љт«џТаиТюг',
     'ТЮЙТъюТъютё┐', 30, 30, 6, 10, 1,
     'legacy.noon', NULL, 'legacy-pass', 'NP-10006',
     'UC-10006', 'MAIL-10006', 1, NOW(), '2099-12-31 23:59:59',
     b'0', 10001, 10001);

INSERT INTO `user_menu` (`id`, `user_id`, `menu_id`, `status`, `effective_time`, `expired_time`, `is_deleted`)
SELECT
    20000 + ROW_NUMBER() OVER (ORDER BY u.id, rm.menu_id) AS id,
    u.id,
    rm.menu_id,
    1,
    NOW(),
    '2099-12-31 23:59:59',
    b'0'
FROM `user` u
JOIN `role_menu` rm ON rm.role_id = u.role_id AND rm.is_deleted = b'0'
WHERE u.is_deleted = b'0';

INSERT INTO `user_store` (
    `id`, `user_id`, `org_code`, `org_name`, `project_code`, `project_name`,
    `store_code`, `site`, `is_authorized`, `is_deleted`, `created_by`, `updated_by`
)
VALUES
    (30001, 10002, 'ORG-P245027', 'xingyao', 'P245027', 'xingyao',
     'STR245027-NAE', 'AE', b'1', b'0', 10002, 10002),
    (30002, 10003, 'ORG-P245027', 'xingyao', 'P245027', 'xingyao',
     'STR245027-NAE', 'AE', b'1', b'0', 10002, 10003),
    (30003, 10004, 'ORG-001', 'ТЮЙТъюТъютё┐', 'PJT-JED01', 'JED01 жА╣уЏ«',
     'STORE-JED01', 'AE', b'1', b'0', 10003, 10004),
    (30004, 10005, 'ORG-001', 'ТЮЙТъюТъютё┐', 'PJT-RUH01S', 'RUH01S жА╣уЏ«',
     'STORE-RUH01S', 'SA', b'1', b'0', 10003, 10005),
    (30005, 10006, 'ORG-001', 'ТЮЙТъюТъютё┐', 'PJT-NOON-OLD', 'жЂЌуЋЎ Noon жА╣уЏ«',
     'STORE-NOON-OLD', 'SA', b'0', b'0', 10002, 10006);

INSERT INTO `procurement_order` (
    `id`, `owner_user_id`, `order_no`, `title`, `status`, `target_market`, `priority`, `source_type`,
    `item_count`, `selected_candidate_count`, `is_deleted`, `created_by`, `updated_by`, `gmt_create`, `gmt_updated`
)
VALUES
    (40101, 10002, 'PO-VALIDATION-SEND-20260427', 'УЄфтіеУ»бС╗итЈЉжђЂжЊЙУи»жфїУ»ЂТаиТюг A', 'SCREENING', 'SA', 'HIGH', 'VALIDATION_SAMPLE',
     1, 0, b'0', 10002, 10002, '2026-04-16 09:30:00', '2026-04-16 09:30:00'),
    (40001, 10002, 'PO-DEMO-20260417-001', 'ждЎТ░Џ/уёџждЎтиЦтЁиждќТЅ╣ 5 ТгЙжЄЄУ┤ГуГЏжђЅтЇЋ', 'SCREENING', 'SA', 'HIGH', 'LINK_LIST',
     5, 1, b'0', 10003, 10003, '2026-04-17 10:20:00', '2026-04-17 15:40:00');

INSERT INTO `procurement_demand_item` (
    `id`, `order_id`, `line_no`, `source_platform`, `source_url`, `source_title`, `source_image_url`, `source_detail_image_url`, `source_package_image_url`,
    `target_price_min`, `target_price_max`, `target_quantity`, `target_site`, `special_requirement`,
    `target_material`, `target_power_mode`, `target_size_text`, `target_package_type`, `delivery_expectation`,
    `status`, `selected_candidate_id`, `is_deleted`, `created_by`, `updated_by`, `gmt_create`, `gmt_updated`
)
VALUES
    (41101, 40101, 1, '1688',
     'https://detail.1688.com/offer/798448779771.html?offerId=798448779771&hotSaleSkuId=5613239587877&spm=a260k.home2025.recommendpart.2',
     'УЄфтіеУ»бС╗итЈЉжђЂжЊЙУи»жфїУ»ЂТаиТюг A№╝ѕ1688 т«ъжАх№╝Ѕ',
     NULL, NULL, NULL, 1.00, 5.00, 50, 'CN', 'тЈфућеС║јжфїУ»ЂТюЇтіАуФ»УЄфтіеУ»бС╗итЈЉжђЂжЊЙУи»№╝їСИЇУ┐ЏтЁЦТГБтИИжЄЄУ┤ГтђЎжђЅТ▒атє│уГќ',
     'тцЇтљѕТЮљТќЎ', 'ТЌаућх', 'ТаЄтЄєтЇиУБЁ', 'ТЎ«жђџтїЁУБЁ', 'СИЇжЎљ',
     'REVIEWING', NULL, b'0', 10002, 10002, '2026-04-16 09:30:00', '2026-04-16 09:30:00'),
    (41001, 40001, 1, 'amazon',
     'https://www.amazon.sa/-/en/Rechargeable-Bakhoor-Incense-Speaker-Control/dp/B0DVH1NFP3/',
     'тЈ»тЁЁућхтЈцтЁ░у╗ЈжЪ│у«▒уёџждЎуѓЅжЂЦТјДуц╝уЏњТгЙ',
     NULL, NULL, NULL, 18.00, 28.00, 200, 'SA', 'СЙ┐Тљ║уц╝тЊЂТёЪт╝║№╝їС╝ўтЁѕућхТ▒аТгЙ№╝їТћ»ТїЂт«Хт▒ЁждЎТ░Џтю║ТЎ»',
     'ABS+ућхжЋђ', 'тЁЁућхТгЙ', 'ТЅІТїЂСЙ┐Тљ║', 'уц╝уЏњУБЁ', '10тцЕтєЁ',
     'REVIEWING', NULL, b'0', 10003, 10003, '2026-04-17 10:20:00', '2026-04-17 15:20:00'),
    (41002, 40001, 2, 'noon',
     'https://www.noon.com/saudi-en/usb-rechargeable-hair-electric-bakhoor-luxury-incense-burner/ZF4844D91A33B64771288Z/p/?o=zf4844d91a33b64771288z-1&shareId=41406d99-c74c-456b-bf7c-c47923de5136',
     'USB тЁЁућхУй╗тЦбуёџждЎуѓЅСЙ┐Тљ║ТгЙ',
     NULL, NULL, NULL, 12.00, 20.00, 300, 'SA', 'Уй╗т░ЈС╗ХС╝ўтЁѕ№╝їТћ»ТїЂТ▓ЎуЅ╣уФЎуц╝уЏњтю║ТЎ»№╝їтЈЉУ┤Дуе│т«џ',
     'ABS+жЎХуЊитєЁУЃє', 'тЁЁућхТгЙ', 'СЙ┐Тљ║т░ЈтъІ', 'уц╝уЏњУБЁ', '7тцЕтєЁ',
     'DECIDED', 43005, b'0', 10003, 10003, '2026-04-17 10:22:00', '2026-04-17 15:35:00'),
    (41003, 40001, 3, 'noon',
     'https://www.noon.com/saudi-en/mini-elegant-arabic-oud-incense-burner-12-cm-height-for-home-and-office-bakhoor-holder-small-decore-and-fragrance/Z290A5BEA29DCD0DCB1D9Z/p/?o=z290a5bea29dcd0dcb1d9z-1&shareId=e53898ed-9999-4506-94f7-1f87a9e8448e',
     'жў┐ТІЅС╝»жБј 12cm У┐иСйауёџждЎуѓЅТЉєС╗ХТгЙ',
     NULL, NULL, NULL, 4.00, 9.00, 500, 'SA', 'т░ЈСйЊуД»сђЂУБЁжЦ░ТёЪт╝║сђЂжђѓтљѕСйюСИ║тЁЦжЌеТгЙ',
     'жЎХуЊи', 'ТЌаућх', '12cm', 'уц╝уЏњУБЁ', '12тцЕтєЁ',
     'REVIEWING', NULL, b'0', 10003, 10003, '2026-04-17 10:24:00', '2026-04-17 15:26:00'),
    (41004, 40001, 4, 'amazon',
     'https://www.amazon.sa/-/en/Electric-Porcelain-Incense-Burner-Bakhoor/dp/B0BNNR14Z5/',
     'жЎХуЊиТЈњућхуёџждЎуѓЅт«Хт▒ЁТгЙ',
     NULL, NULL, NULL, 14.00, 24.00, 220, 'SA', 'жЎХуЊиТёЪсђЂт«Хт▒ЁтїќсђЂжђѓтљѕСИГжФўт«бтЇЋ',
     'жЎХуЊи', 'ТЈњућхТгЙ', 'ТАїжЮбТгЙ', 'тйЕуЏњУБЁ', '10тцЕтєЁ',
     'REVIEWING', NULL, b'0', 10003, 10003, '2026-04-17 10:26:00', '2026-04-17 15:18:00'),
    (41005, 40001, 5, 'noon',
     'https://www.noon.com/saudi-en/2025-new-portable-electric-incense-burner-rechargeable-with-ceramic-chamber-for-use-with-incense-charcoal/Z0362D557E964BF395564Z/p/?o=ef8df8db8aaccfbb&shareId=b2d5dd56-8a45-4435-a975-e3a684380d1d',
     '2025 Тќ░ТгЙСЙ┐Тљ║тЁЁућхуёџждЎуѓЅжЎХуЊиУЃєТгЙ',
     NULL, NULL, NULL, 11.00, 19.00, 300, 'SA', 'СЙ┐Тљ║тЁЁућхТгЙ№╝їС╝ўтЁѕуюІтцќУДѓСИђУЄ┤ТђДтњїтЈЉУ┤Дуе│т«џТђД',
     'ABS+жЎХуЊитєЁУЃє', 'тЁЁућхТгЙ', 'СЙ┐Тљ║т░ЈтъІ', 'тйЕуЏњУБЁ', '8тцЕтєЁ',
     'SCREENING', NULL, b'0', 10003, 10003, '2026-04-17 10:28:00', '2026-04-17 15:38:00');

INSERT INTO `procurement_match_task` (
    `id`, `demand_item_id`, `status`, `progress_percent`, `search_mode`, `selected_image_count`,
    `search_path`, `result_count`, `recommended_count`, `message`, `started_at`, `finished_at`,
    `is_deleted`, `created_by`, `updated_by`, `gmt_create`, `gmt_updated`
)
VALUES
    (42001, 41001, 'SUCCESS', 100, 'IMAGE_MULTI', 4, 'IMAGE_ID_LIST_DIRECT', 18, 3,
     'ти▓т«їТѕљтЏЙТљютњїтѕЮуГЏ№╝їт╗║У««С╝ўтЁѕуюІтЅЇ 3 ТЮАТјеУЇљу╗ЊТъюсђѓ', '2026-04-17 10:31:00', '2026-04-17 10:34:00',
     b'0', 10003, 10003, '2026-04-17 10:31:00', '2026-04-17 10:34:00'),
    (42002, 41002, 'SUCCESS', 100, 'IMAGE_MULTI', 4, 'IMAGE_ID_LIST_DIRECT', 16, 2,
     'ти▓т«їТѕљтЏЙТљютњїуГЏжђЅ№╝їтйЊтЅЇТюЅ 2 ТЮАжФўуй«С┐АТјеУЇљсђѓ', '2026-04-17 10:34:00', '2026-04-17 10:37:00',
     b'0', 10003, 10003, '2026-04-17 10:34:00', '2026-04-17 10:37:00'),
    (42003, 41003, 'SUCCESS', 100, 'IMAGE_MULTI', 3, 'IMAGE_ID_LIST_DIRECT', 14, 2,
     'у╗ЊТъюти▓тЏъТћХ№╝їжюђжЄЇуѓ╣уА«У«цт░║т»ИтњїТЮљУ┤есђѓ', '2026-04-17 10:37:00', '2026-04-17 10:40:00',
     b'0', 10003, 10003, '2026-04-17 10:37:00', '2026-04-17 10:40:00'),
    (42004, 41004, 'PARTIAL_SUCCESS', 100, 'IMAGE_SINGLE', 2, 'UPLOAD_FALLBACK', 12, 1,
     'ти▓Тљютѕ░тЈ»ућетђЎжђЅ№╝їСйєС╗иТа╝тњїтїЁУБЁС┐АТЂ»У┐ўтЂЈт╝▒сђѓ', '2026-04-17 10:40:00', '2026-04-17 10:44:00',
     b'0', 10003, 10003, '2026-04-17 10:40:00', '2026-04-17 10:44:00'),
    (42005, 41005, 'RUNNING', 72, 'IMAGE_MULTI', 3, 'IMAGE_ID_LIST_DIRECT', 0, 0,
     'ТГБтюеТіЊтЈќ 1688 у╗ЊТъют╣ХтЂџтѕЮуГЏ№╝їжбёУ«А 1-2 тѕєжњЪт«їТѕљсђѓ', '2026-04-17 15:36:00', NULL,
     b'0', 10003, 10003, '2026-04-17 15:36:00', '2026-04-17 15:38:00');

INSERT INTO `procurement_candidate` (
    `id`, `demand_item_id`, `task_id`, `rank_no`, `level`, `total_score`, `fit_score`, `spec_score`, `price_score`,
    `supplier_score`, `logistics_score`, `candidate_platform`, `candidate_url`, `title`, `supplier_name`,
    `price_text`, `moq_text`, `location_text`, `material_text`, `power_mode_text`, `size_text`, `package_text`, `delivery_timeline_text`,
    `result_card_text`, `detail_highlight_text`, `attribute_snapshot_text`, `shipping_snapshot_text`, `package_snapshot_text`,
    `main_image_url`, `detail_image_url`, `delivery_image_url`,
    `manual_review_note`, `inquiry_summary`, `next_action`, `badges_text`, `reasons_text`, `warnings_text`,
    `is_selected`, `decision_status`, `is_deleted`, `created_by`, `updated_by`, `gmt_create`, `gmt_updated`
)
VALUES
    (43101, 41101, NULL, 1, 'validation', 100, 100, 100, 100, 100, 100, '1688',
     'https://detail.1688.com/offer/798448779771.html?offerId=798448779771&hotSaleSkuId=5613239587877&spm=a260k.home2025.recommendpart.2',
     'УЄфтіеУ»бС╗итЈЉжђЂжЊЙУи»жфїУ»ЂТаиТюг A№╝ѕУІЇтЇЌтј┐Т░ИУ»џтцЇтљѕТЮљТќЎТюЅжЎљтЁгтЈИ№╝Ѕ', 'УІЇтЇЌтј┐Т░ИУ»џтцЇтљѕТЮљТќЎТюЅжЎљтЁгтЈИ',
     '┬Ц1.00', '50С╗ХУхиТЅ╣', 'ТИЕтиъ', 'тцЇтљѕТЮљТќЎ', 'ТЌаућх', 'ТаЄтЄєтЇиУБЁ', 'ТЎ«жђџтїЁУБЁ', 'уј░У┤Д',
     'тЈфућеС║јжфїУ»ЂТюЇтіАуФ»уюЪт«ътЈЉжђЂжЊЙУи»сђѓ', 'СИЇУ┐ЏтЁЦТГБтИИжЄЄУ┤ГуГЏжђЅ', 'offerId=798448779771', NULL, NULL,
     NULL, NULL, NULL,
     'С╗ЁућеС║јтЈЉжђЂжЊЙУи»жфїТћХсђѓ', 'у│╗у╗Ът░єУЄфтіетЉйСИГ 1688 УЂітцЕТАЦт╣Хт«їТѕљуюЪт«ътЈЉжђЂуА«У«цсђѓ', 'PREPARE_INQUIRY', 'тЈЉжђЂжЊЙУи»жфїУ»ЂТаиТюг',
     'уюЪт«ъ1688У»дТЃЁжАх|уюЪт«ъofferId|уюЪт«ъСЙЏт║ћтЋєСИ╗СйЊ', 'ТГБтИИжЄЄУ┤ГтђЎжђЅТ▒аСИЇСй┐ућеТюгТаиТюг',
     b'0', 'PENDING', b'0', 10002, 10002, '2026-04-16 09:30:00', '2026-04-16 09:30:00'),
    (43001, 41001, 42001, 1, 'recommended', 82, 34, 18, 13, 12, 5, '1688',
     'https://detail.1688.com/offer/801000000101.html',
     'тЈ»тЁЁућхтЈцтЁ░у╗ЈжЪ│у«▒уёџждЎуѓЅуц╝уЏњСЙ┐Тљ║ТгЙ', 'С╣ЅС╣їждЎтЎетиЦтјѓт║Ќ',
     '16.8-22.5 тЁЃ', '200 С╗ХУхи', 'ТхЎТ▒ЪжЄЉтЇј', NULL, NULL, NULL, NULL, NULL,
     'у╗ЊТъютЇАуЅЄ№╝ЏтЈцтЁ░у╗ЈжЪ│у«▒уёџждЎуѓЅуц╝уЏњСЙ┐Тљ║ТгЙ№╝ЏС╗иТа╝16.8-22.5тЁЃ№╝Џ200С╗ХУхи№╝ЏТхЎТ▒ЪжЄЉтЇј№╝Џ48т░ЈТЌХтЈЉУ┤Д',
     'У»дТЃЁтЇќуѓ╣№╝ЏABSућхжЋђтцќтБ│№╝ЏUSBтЁЁућх№╝ЏТЅІТїЂСЙ┐Тљ║№╝Џуц╝уЏњУБЁ',
     'т▒ъТђДт┐ФуЁД№╝ЏТЮљУ┤е ABSућхжЋђтцќтБ│№╝ЏСЙЏућхТќ╣т╝Ј USBтЁЁућх№╝Џт░║т»И ТЅІТїЂСЙ┐Тљ║№╝ЏтїЁУБЁ уц╝уЏњУБЁ',
     'уЅЕТхЂУ»┤Тўј№╝Џ48т░ЈТЌХтЈЉУ┤Д№╝ЏТћ»ТїЂтИИУДёТЅЊТаи',
     'тїЁУБЁУ»┤Тўј№╝Џуц╝уЏњУБЁ№╝Џуц╝уЏњжЁЇС╗ХтЙЁуА«У«ц',
     NULL, NULL, NULL,
     'СИ╗СйЊТќ╣тљЉТГБуА«№╝їСйєжЪ│у«▒у╗єУіѓУ┐ўжюђУдЂу╗Ду╗ГТ»ћт»╣сђѓ', 'ТџѓТюфУ»бС╗и№╝їт╗║У««тЁѕуА«У«цТЅгтБ░тЎеу╗ЊТъётњїуц╝уЏњТИЁтЇЋсђѓ', 'PREPARE_INQUIRY', 'т«ътіЏтЋєт«Х|УХЁу║ДтиЦтјѓ|48т░ЈТЌХтЈЉУ┤Д',
     'ТаЄжбўтЉйСИГ 4 СИфТаИт┐ЃУ»Ї|С╗иТа╝УљйтюеуЏ«ТаЄтї║жЌ┤|ABSућхжЋђтцќтБ│', 'ТЅгтБ░тЎеу╗єУіѓжюђУ┐ЏУ»дТЃЁжАхуА«У«ц|ТЅІТїЂСЙ┐Тљ║|уц╝уЏњжЁЇС╗ХтЙЁуА«У«ц',
     b'0', 'PENDING', b'0', 10003, 10003, '2026-04-17 10:34:00', '2026-04-17 10:34:00'),
    (43002, 41001, 42001, 2, 'review', 61, 28, 12, 9, 9, 3, '1688',
     'https://detail.1688.com/offer/801000000102.html',
     'т«ХућеућхтГљуёџждЎуѓЅ жЂЦТјДТгЙ', 'Ти▒тю│уц╝тЊЂждЎУќ░тЋєУАї',
     '14.5-19.8 тЁЃ', '300 С╗ХУхи', 'т╣┐СИюТи▒тю│', NULL, NULL, NULL, NULL, NULL,
     'у╗ЊТъютЇАуЅЄ№╝Џт«ХућеућхтГљуёџждЎуѓЅжЂЦТјДТгЙ№╝ЏС╗иТа╝14.5-19.8тЁЃ№╝Џ300С╗ХУхи№╝Џт╣┐СИюТи▒тю│№╝Џ48т░ЈТЌХтЈЉУ┤Д',
     'У»дТЃЁтЇќуѓ╣№╝ЏABSтцќтБ│№╝ЏтЁЁућхТгЙ№╝ЏТАїжЮбТгЙ№╝ЏТЎ«жђџтйЕуЏњ',
     'т▒ъТђДт┐ФуЁД№╝ЏТЮљУ┤е ABSтцќтБ│№╝ЏСЙЏућхТќ╣т╝Ј USBтЁЁућх№╝Џт░║т»И ТАїжЮбТгЙ№╝ЏтїЁУБЁ ТЎ«жђџтйЕуЏњ',
     'уЅЕТхЂУ»┤Тўј№╝Џ48т░ЈТЌХтЈЉУ┤Д№╝ЏтИИУДёУАЦУ┤ДтЈ»ТјњтЇЋ',
     'тїЁУБЁУ»┤Тўј№╝ЏТЎ«жђџтйЕуЏњ№╝ЏжЁЇС╗ХТИЁтЇЋтЙЁуА«У«ц',
     NULL, NULL, NULL,
     NULL, NULL, NULL, 'У»џС┐Ажђџ|48т░ЈТЌХтЈЉУ┤Д',
     'тЏЙТљюу╗ЊТъюСйЇТгАжЮатЅЇ|С╗иТа╝ТјЦУ┐ЉуЏ«ТаЄтї║жЌ┤|ABSтцќтБ│', 'жЪ│у«▒у╗ЊТъёСИЇТўјуА«|ТАїжЮбТгЙ|ТЎ«жђџтйЕуЏњ',
     b'0', 'PENDING', b'0', 10003, 10003, '2026-04-17 10:34:00', '2026-04-17 10:34:00'),
    (43003, 41001, 42001, 3, 'reject', 34, 16, 6, 5, 5, 2, '1688',
     'https://detail.1688.com/offer/801000000103.html',
     'ТЎ«жђџућхтГљждЎУќ░уѓЅ ТЌажЪ│у«▒уЅѕ', 'т╣┐тиът«Хт▒ЁтЎетЁиТАБтЈБ',
     '9.9-12.5 тЁЃ', '500 С╗ХУхи', 'т╣┐СИют╣┐тиъ', NULL, NULL, NULL, NULL, NULL,
     'у╗ЊТъютЇАуЅЄ№╝ЏТЎ«жђџућхтГљждЎУќ░уѓЅТЌажЪ│у«▒уЅѕ№╝ЏС╗иТа╝9.9-12.5тЁЃ№╝Џ500С╗ХУхи№╝Џт╣┐СИют╣┐тиъ№╝Џ3-5тцЕтЈЉУ┤Д',
     'У»дТЃЁтЇќуѓ╣№╝ЏтАЉТќЎТю║У║Ф№╝ЏТЈњућхТгЙ№╝ЏТАїжЮбТгЙ№╝ЏТЎ«жђџУбІУБЁ',
     'т▒ъТђДт┐ФуЁД№╝ЏТЮљУ┤е тАЉТќЎ№╝ЏСЙЏућхТќ╣т╝Ј ТЈњућхТгЙ№╝Џт░║т»И ТАїжЮбТгЙ№╝ЏтїЁУБЁ ТЎ«жђџУбІУБЁ',
     'уЅЕТхЂУ»┤Тўј№╝Џ3-5тцЕтЈЉУ┤Д№╝ЏтцДУ┤ДТјњС║ДСИ║СИ╗',
     'тїЁУБЁУ»┤Тўј№╝ЏТЎ«жђџУбІУБЁ№╝Џу«ђжЁЇтЄ║У┤Д',
     NULL, NULL, NULL,
     'ТаИт┐ЃтіЪУЃйтЂЈти«тцфтцД№╝їСИЇт╗║У««у╗Ду╗ГТіЋтЁЦТЌХжЌ┤сђѓ', NULL, 'HOLD', 'У»џС┐Ажђџ',
     'С╗иТа╝Сйј|тАЉТќЎТю║У║Ф|3-5тцЕтЈЉУ┤Д', 'ТаИт┐ЃтіЪУЃйСИЇСИђУЄ┤|ТЈњућхТгЙ|ТАїжЮбТгЙ|ТЎ«жђџУбІУБЁ|MOQ тЂЈжФў',
     b'0', 'PENDING', b'0', 10003, 10003, '2026-04-17 10:34:00', '2026-04-17 10:34:00'),
    (43004, 41002, 42002, 1, 'recommended', 79, 33, 17, 12, 12, 5, '1688',
     'https://detail.1688.com/offer/801000000201.html',
     'USB тЁЁућхтЈЉждЎтЎе тц┤тЈЉУАБуЅЕуєЈждЎТгЙ', 'СИюУјъждЎТ░ЏућхтЎеТ║љтц┤тјѓ',
     '11.6-16.8 тЁЃ', '240 С╗ХУхи', 'т╣┐СИюСИюУјъ', NULL, NULL, NULL, NULL, NULL,
     'у╗ЊТъютЇАуЅЄ№╝ЏUSBтЁЁућхтЈЉждЎтЎетц┤тЈЉУАБуЅЕуєЈждЎТгЙ№╝ЏС╗иТа╝11.6-16.8тЁЃ№╝Џ240С╗ХУхи№╝Џт╣┐СИюСИюУјъ№╝Џ48т░ЈТЌХтЈЉУ┤Д',
     'У»дТЃЁтЇќуѓ╣№╝ЏABSтцќтБ│№╝ЏUSBтЁЁућх№╝ЏСЙ┐Тљ║т░ЈтъІ№╝Џу«ђУБЁтйЕуЏњ',
     'т▒ъТђДт┐ФуЁД№╝ЏТЮљУ┤е ABSтцќтБ│№╝ЏСЙЏућхТќ╣т╝Ј USBтЁЁућх№╝Џт░║т»И СЙ┐Тљ║т░ЈтъІ№╝ЏтїЁУБЁ у«ђУБЁтйЕуЏњ',
     'уЅЕТхЂУ»┤Тўј№╝Џ48т░ЈТЌХтЈЉУ┤Д№╝ЏТћ»ТїЂт░ЈТЅ╣жЄЈУАЦУ┤Д№╝ЏтїЁУБЁтљјжЄЇжЄЈ 280g',
     'тїЁУБЁУ»┤Тўј№╝Џу«ђУБЁтйЕуЏњ№╝ЏтЈЉуЃГС╗Њу╗ЊТъётЙЁуА«У«ц',
     NULL, NULL, NULL,
     NULL, NULL, NULL, 'т«ътіЏтЋєт«Х|Т║љтц┤тиЦтјѓ|48т░ЈТЌХтЈЉУ┤Д',
     'ТаЄжбўтЉйСИГ 5 СИфТаИт┐ЃУ»Ї|С╗иТа╝тљѕуљє|ABSтцќтБ│', 'тЈЉуЃГС╗Њу╗ЊТъёжюђУ┐ЏУ»дТЃЁжАхуА«У«ц|СЙ┐Тљ║т░ЈтъІ|у«ђУБЁтйЕуЏњ',
     b'0', 'PENDING', b'0', 10003, 10003, '2026-04-17 10:37:00', '2026-04-17 10:37:00'),
    (43005, 41002, 42002, 2, 'recommended', 86, 35, 18, 14, 14, 5, '1688',
     'https://detail.1688.com/offer/801000000202.html',
     'СЙ┐Тљ║т╝Ј USB тЁЁућхућхуєЈждЎуѓЅ Уй╗тЦбуц╝тЊЂТгЙ', 'С╣ЅС╣їУй╗тЦбждЎтЎеСЙЏт║ћжЊЙ',
     '12.2-17.5 тЁЃ', '180 С╗ХУхи', 'ТхЎТ▒ЪС╣ЅС╣ї', NULL, NULL, NULL, NULL, NULL,
     'у╗ЊТъютЇАуЅЄ№╝ЏСЙ┐Тљ║т╝ЈUSBтЁЁућхућхуєЈждЎуѓЅУй╗тЦбуц╝тЊЂТгЙ№╝ЏС╗иТа╝12.2-17.5тЁЃ№╝Џ180С╗ХУхи№╝ЏТхЎТ▒ЪС╣ЅС╣ї№╝Џ7-10тцЕС║цТюЪ',
     'У»дТЃЁтЇќуѓ╣№╝ЏABS+жЎХуЊитєЁУЃє№╝ЏUSBтЁЁућх№╝ЏСЙ┐Тљ║т░ЈтъІ№╝ЏУй╗тЦбуц╝уЏњ',
     'т▒ъТђДт┐ФуЁД№╝ЏТЮљУ┤е ABS+жЎХуЊитєЁУЃє№╝ЏСЙЏућхТќ╣т╝Ј USBтЁЁућх№╝Џт░║т»И СЙ┐Тљ║т░ЈтъІ№╝ЏтїЁУБЁ Уй╗тЦбуц╝уЏњ',
     'уЅЕТхЂУ»┤Тўј№╝Џ7-10тцЕС║цТюЪ№╝ЏТћ»ТїЂт«џтѕХтїЁУБЁТјњС║Д',
     'тїЁУБЁУ»┤Тўј№╝ЏУй╗тЦбуц╝уЏњ№╝ЏтїЁУБЁТИЁтЇЋжюђС║їТгАуА«У«ц№╝ЏтїЁУБЁт░║т»И 18x8x8cm',
     NULL, NULL, NULL,
     'тцќУДѓСИђУЄ┤ТђДТюђСй│№╝їтйЊтЅЇтЁѕСйюСИ║С╝ўтЁѕТёЈтљЉжЄЄУ┤Гсђѓ', 'тЈ»тЁѕтЏ┤у╗ЋућхТ▒ат«╣жЄЈсђЂтїЁУБЁТИЁтЇЋтњїС║цТюЪтЂџждќУй«У»бС╗исђѓ', 'INTENT', 'т«ътіЏтЋєт«Х|УХЁу║ДтиЦтјѓ|Ти▒т║джфїтјѓ',
     'тцќУДѓСИђУЄ┤ТђДТюђтЦй|С╗иТа╝тюеуЏ«ТаЄтї║жЌ┤|ABS+жЎХуЊитєЁУЃє', 'жюђтцЇТаИућхТ▒ат«╣жЄЈ|Уй╗тЦбуц╝уЏњ|7-10тцЕС║цТюЪ',
    b'1', 'SELECTED', b'0', 10003, 10003, '2026-04-17 10:37:00', '2026-04-17 15:35:00'),
    (43006, 41002, 42002, 3, 'review', 55, 24, 11, 10, 7, 3, '1688',
     'https://detail.1688.com/offer/798448779771.html?offerId=798448779771&hotSaleSkuId=5613239587877&spm=a260k.home2025.recommendpart.2',
     'USB тЁЁућхУй╗тЦбуёџждЎуѓЅуј░У┤ДТгЙ', 'УІЇтЇЌтј┐Т░ИУ»џтцЇтљѕТЮљТќЎТюЅжЎљтЁгтЈИ',
     '10.8-13.5 тЁЃ', '300 С╗ХУхи', 'ТхЎТ▒ЪТИЕтиъ', NULL, NULL, NULL, NULL, NULL,
     'у╗ЊТъютЇАуЅЄ№╝ЏUSBтЁЁућхУй╗тЦбуёџждЎуѓЅуј░У┤ДТгЙ№╝ЏС╗иТа╝10.8-13.5тЁЃ№╝Џ300С╗ХУхи№╝ЏТхЎТ▒ЪТИЕтиъ№╝Џ48т░ЈТЌХтЊЇт║ћ',
     'У»дТЃЁтЇќуѓ╣№╝Џуј░У┤ДТгЙ№╝ЏТћ»ТїЂТЅЊТаи№╝ЏтЈ»уЏ┤ТјЦУ┐ЏтЁЦУЄфтіеУ»бС╗и',
     'т▒ъТђДт┐ФуЁД№╝ЏТЮљУ┤е тцЇтљѕТЮљТќЎ№╝ЏСЙЏућхТќ╣т╝Ј ТЌаућх№╝Џт░║т»И ТаЄтЄєтЇиУБЁ№╝ЏтїЁУБЁ ТЎ«жђџтїЁУБЁ',
     'уЅЕТхЂУ»┤Тўј№╝Џ48т░ЈТЌХтЊЇт║ћ№╝ЏТћ»ТїЂждќУй«ТЅЊТаиТ▓Ъжђџ',
     'тїЁУБЁУ»┤Тўј№╝ЏТЎ«жђџтїЁУБЁ№╝ЏУДёТа╝у╗єУіѓтЙЁС║їТгАуА«У«ц',
     NULL, NULL, NULL,
     NULL, 'тЈ»тЁѕтЈЉУхиУЄфтіеУ»бС╗и№╝їуА«У«цждќУй«ТіЦС╗исђЂТЅЊТаитњїС║цТюЪсђѓ', 'PREPARE_INQUIRY', 'уј░У┤ДСЙЏт║ћ|Тћ»ТїЂТЅЊТаи|48т░ЈТЌХтЊЇт║ћ',
     'тЈ»уЏ┤ТјЦУ┐ЏтЁЦУ»бС╗и|СЙЏт║ћтЋєтЊЇт║ћт┐Ф|Тћ»ТїЂждќУй«ТЅЊТаи', 'УДёТа╝у╗єУіѓтЙЁуА«У«ц|тїЁУБЁС╗ЇжюђС║║тиЦтцЇТаИ',
     b'0', 'PENDING', b'0', 10003, 10003, '2026-04-17 10:37:00', '2026-04-17 10:37:00'),
    (43007, 41003, 42003, 1, 'recommended', 75, 31, 16, 12, 11, 5, '1688',
     'https://detail.1688.com/offer/801000000301.html',
     '12cm жў┐ТІЅС╝»У┐иСйаждЎуѓЅ т░ЈТЉєС╗ХТгЙ', 'Т│ЅтиъжЎХУЅ║ждЎуѓЅтјѓ',
     '4.6-6.8 тЁЃ', '300 С╗ХУхи', 'удЈт╗║Т│Ѕтиъ', NULL, NULL, NULL, NULL, NULL,
     'у╗ЊТъютЇАуЅЄ№╝Џ12cmжў┐ТІЅС╝»У┐иСйаждЎуѓЅт░ЈТЉєС╗ХТгЙ№╝ЏС╗иТа╝4.6-6.8тЁЃ№╝Џ300С╗ХУхи№╝ЏудЈт╗║Т│Ѕтиъ№╝Џ48т░ЈТЌХтЈЉУ┤Д',
     'У»дТЃЁтЇќуѓ╣№╝ЏжЄЅжЮбжЎХуЊи№╝ЏТЌаућхт░ЈТЉєС╗Х№╝Џ12cm№╝Џуц╝уЏњУБЁ',
     'т▒ъТђДт┐ФуЁД№╝ЏТЮљУ┤е жЄЅжЮбжЎХуЊи№╝ЏСЙЏућхТќ╣т╝Ј ТЌаућх№╝Џт░║т»И 12cm№╝ЏтїЁУБЁ уц╝уЏњУБЁ',
     'уЅЕТхЂУ»┤Тўј№╝Џ48т░ЈТЌХтЈЉУ┤Д№╝ЏтИИУДёт«Хт▒ЁТЉєС╗ХУАЦУ┤Д',
     'тїЁУБЁУ»┤Тўј№╝Џуц╝уЏњУБЁ№╝Џжђѓтљѕт«Хт▒Ёуц╝Уха',
     NULL, NULL, NULL,
     'т░║т»ИТќ╣тљЉтЪ║Тюгтљѕжђѓ№╝їСйєТЮљУ┤еУ┐ўУдЂтєЇуА«У«цсђѓ', 'т╗║У««У»бжЌ«жЄЅжЮбТЮљУ┤есђЂт░║т»ИтЁгти«тњїТюђт░ЈТЅЊТаиТЋ░жЄЈсђѓ', 'PREPARE_INQUIRY', 'т«ътіЏтЋєт«Х|48т░ЈТЌХтЈЉУ┤Д',
     'т░║т»Иу║┐у┤бтЉйСИГ|С╗иТа╝жђѓтљѕтЁЦжЌеТгЙ|жЄЅжЮбжЎХуЊи', 'уц╝уЏњУБЁ|ТЌаућхт░ЈТЉєС╗Х|ТЮљУ┤ежюђуА«У«цТў»тљдСИ║жЎХуЊиСИіжЄЅ',
     b'0', 'PENDING', b'0', 10003, 10003, '2026-04-17 10:40:00', '2026-04-17 10:40:00'),
    (43008, 41003, 42003, 2, 'review', 58, 26, 10, 11, 8, 3, '1688',
     'https://detail.1688.com/offer/801000000302.html',
     'жў┐ТІЅС╝»жБјт░ЈждЎт║Д т«Хт▒ЁТАїжЮбТЉєС╗Х', 'Тй«тиъждЎтЎетиЦСйют«ц',
     '3.8-5.5 тЁЃ', '500 С╗ХУхи', 'т╣┐СИюТй«тиъ', NULL, NULL, NULL, NULL, NULL,
     'у╗ЊТъютЇАуЅЄ№╝Џжў┐ТІЅС╝»жБјт░ЈждЎт║Дт«Хт▒ЁТАїжЮбТЉєС╗Х№╝ЏС╗иТа╝3.8-5.5тЁЃ№╝Џ500С╗ХУхи№╝Џт╣┐СИюТй«тиъ№╝Џ10-12тцЕС║цС╗ў',
     'У»дТЃЁтЇќуѓ╣№╝ЏжЎХуЊиТаЉУёѓТЮљУ┤етЙЁуА«У«ц№╝ЏТЌаућхТЉєС╗Х№╝Џ10-11cm№╝ЏТЎ«жђџуЏњ',
     'т▒ъТђДт┐ФуЁД№╝ЏТЮљУ┤е жЎХуЊиТаЉУёѓтЙЁуА«У«ц№╝ЏСЙЏућхТќ╣т╝Ј ТЌаућх№╝Џт░║т»И 10-11cm№╝ЏтїЁУБЁ ТЎ«жђџуЏњ',
     'уЅЕТхЂУ»┤Тўј№╝Џ10-12тцЕС║цС╗ў№╝ЏУБЁжЦ░у╗єУіѓжюђтцЇТаИ',
     'тїЁУБЁУ»┤Тўј№╝ЏТЎ«жђџуЏњ№╝ЏТАїжЮбТЉєС╗ХтИИУДётїЁУБЁ',
     NULL, NULL, NULL,
     NULL, NULL, NULL, 'У»џС┐Ажђџ',
     'С╗иТа╝тЈ»ТјЦтЈЌ|жЎХуЊиТаЉУёѓТЮљУ┤етЙЁуА«У«ц|10-11cm', 'ТЌаућхТЉєС╗Х|ТЎ«жђџуЏњ|10-12тцЕС║цС╗ў|УБЁжЦ░у╗єУіѓжюђС║║тиЦтцЇТаИ',
     b'0', 'PENDING', b'0', 10003, 10003, '2026-04-17 10:40:00', '2026-04-17 10:40:00'),
    (43009, 41003, 42003, 3, 'reject', 28, 14, 5, 5, 2, 2, '1688',
     'https://detail.1688.com/offer/801000000303.html',
     'тцДждЎуѓЅт«Хт▒ЁУљйтю░ТЉєС╗Х', 'Т▓│тїЌТЉєС╗ХТАБтЈБ',
     '11.0-18.0 тЁЃ', '50 С╗ХУхи', 'Т▓│тїЌуЪ│т«Хт║ё', NULL, NULL, NULL, NULL, NULL,
     'у╗ЊТъютЇАуЅЄ№╝ЏтцДждЎуѓЅт«Хт▒ЁУљйтю░ТЉєС╗Х№╝ЏС╗иТа╝11.0-18.0тЁЃ№╝Џ50С╗ХУхи№╝ЏТ▓│тїЌуЪ│т«Хт║ё№╝Џ5-7тцЕтЈЉУ┤Д',
     'У»дТЃЁтЇќуѓ╣№╝ЏжЄЉт▒ътцДТЉєС╗Х№╝ЏТЌаућх№╝Џ25cm№╝ЏТЎ«жђџу«▒УБЁ',
     'т▒ъТђДт┐ФуЁД№╝ЏТЮљУ┤е жЄЉт▒ъ№╝ЏСЙЏућхТќ╣т╝Ј ТЌаућх№╝Џт░║т»И 25cm№╝ЏтїЁУБЁ ТЎ«жђџу«▒УБЁ',
     'уЅЕТхЂУ»┤Тўј№╝Џ5-7тцЕтЈЉУ┤Д№╝ЏтцДС╗ХтЋєтЊЂУ┐љУЙЊ',
     'тїЁУБЁУ»┤Тўј№╝ЏТЎ«жђџу«▒УБЁ№╝ЏУљйтю░ТЉєС╗Хжў▓ТіцтїЁУБЁ',
     NULL, NULL, NULL,
     'т░║т»Итњїт«бтЇЋжЃйтЂЈуд╗№╝їСИЇтєЇу╗Ду╗Гсђѓ', NULL, 'HOLD', '',
     'жЄЉт▒ътцДТЉєС╗Х|5-7тцЕтЈЉУ┤Д', '25cm|Уљйтю░ТгЙ|ТЎ«жђџу«▒УБЁ|т░║т»ИТўјТўЙСИЇугд|т«бтЇЋтЂЈуд╗уЏ«ТаЄ',
     b'0', 'PENDING', b'0', 10003, 10003, '2026-04-17 10:40:00', '2026-04-17 10:40:00'),
    (43010, 41004, 42004, 1, 'recommended', 73, 30, 15, 11, 12, 5, '1688',
     'https://detail.1688.com/offer/801000000401.html',
     'жЎХуЊиућхуєЈждЎуѓЅ т«Хт▒ЁТЈњућхТгЙ', 'тЙитїќжЎХуЊиждЎтЎетјѓ',
     '13.5-18.8 тЁЃ', '160 С╗ХУхи', 'удЈт╗║тЙитїќ', NULL, NULL, NULL, NULL, NULL,
     'у╗ЊТъютЇАуЅЄ№╝ЏжЎХуЊиућхуєЈждЎуѓЅт«Хт▒ЁТЈњућхТгЙ№╝ЏС╗иТа╝13.5-18.8тЁЃ№╝Џ160С╗ХУхи№╝ЏудЈт╗║тЙитїќ№╝Џ7-10тцЕС║цС╗ў',
     'У»дТЃЁтЇќуѓ╣№╝ЏжЎХуЊи№╝ЏТЈњућхТгЙ№╝ЏТАїжЮбТгЙ№╝ЏтйЕуЏњУБЁ',
     'т▒ъТђДт┐ФуЁД№╝ЏТЮљУ┤е жЎХуЊи№╝ЏСЙЏућхТќ╣т╝Ј ТЈњућхТгЙ№╝Џт░║т»И ТАїжЮбТгЙ№╝ЏтїЁУБЁ тйЕуЏњУБЁ',
     'уЅЕТхЂУ»┤Тўј№╝Џ7-10тцЕС║цС╗ў№╝ЏТЈњућхТгЙжюђуА«У«цТЈњтц┤УДёТа╝',
     'тїЁУБЁУ»┤Тўј№╝ЏтйЕуЏњУБЁ№╝ЏтїЁУБЁСйЊуД»тЙЁуА«У«ц',
     NULL, NULL, NULL,
     'тђЎжђЅТќ╣тљЉТГБуА«№╝їСйєТЈњтц┤тњїУЃєС╗ЊТЮљУ┤ет┐ЁжА╗уА«У«цсђѓ', 'С╝ўтЁѕУ»бжЌ«ТЈњтц┤УДёТа╝сђЂТЮљУ┤еУ»ЂТўјтњїтїЁУБЁСйЊуД»сђѓ', 'PREPARE_INQUIRY', 'УХЁу║ДтиЦтјѓ|Ти▒т║джфїтјѓ',
     'жЎХуЊитњїт«Хт▒Ётю║ТЎ»тї╣жЁЇ|С╗иТа╝тюеуЏ«ТаЄтї║жЌ┤|тиЦтјѓТаЄуГЙт╝║', 'ТЈњућхТгЙ|тйЕуЏњУБЁ|7-10тцЕС║цС╗ў|жюђУдЂуА«У«цТЈњтц┤УДёТа╝тњїУЃєС╗ЊТЮљУ┤е',
     b'0', 'PENDING', b'0', 10003, 10003, '2026-04-17 10:44:00', '2026-04-17 10:44:00'),
    (43011, 41004, 42004, 2, 'review', 56, 23, 12, 10, 8, 3, '1688',
     'https://detail.1688.com/offer/801000000402.html',
     'ТгДт╝ЈућхуєЈждЎуѓЅ жЎХуЊижЄЅжЮбТгЙ', 'СйЏт▒▒т«Хт▒Ёт░Јт«Хућх',
     '12.8-17.0 тЁЃ', '240 С╗ХУхи', 'т╣┐СИюСйЏт▒▒', NULL, NULL, NULL, NULL, NULL,
     'у╗ЊТъютЇАуЅЄ№╝ЏТгДт╝ЈућхуєЈждЎуѓЅжЎХуЊижЄЅжЮбТгЙ№╝ЏС╗иТа╝12.8-17.0тЁЃ№╝Џ240С╗ХУхи№╝Џт╣┐СИюСйЏт▒▒№╝Џ10-12тцЕС║цС╗ў',
     'У»дТЃЁтЇќуѓ╣№╝ЏжЄЅжЮбжЎХуЊи№╝ЏТЈњућхТгЙ№╝ЏТАїжЮбт«Хт▒ЁТгЙ№╝ЏтйЕуЏњУБЁ',
     'т▒ъТђДт┐ФуЁД№╝ЏТЮљУ┤е жЄЅжЮбжЎХуЊи№╝ЏСЙЏућхТќ╣т╝Ј ТЈњућхТгЙ№╝Џт░║т»И ТАїжЮбТгЙ№╝ЏтїЁУБЁ тйЕуЏњУБЁ',
     'уЅЕТхЂУ»┤Тўј№╝Џ10-12тцЕС║цС╗ў№╝Џт«ЅтЁеУ«цУ»ЂтЙЁуА«У«ц',
     'тїЁУБЁУ»┤Тўј№╝ЏтйЕуЏњУБЁ№╝ЏтїЁУБЁС┐АТЂ»тЂЈт╝▒',
     NULL, NULL, NULL,
     NULL, NULL, NULL, 'т«ътіЏтЋєт«Х',
     'тцќУДѓТјЦУ┐Љ|жЄЅжЮбжЎХуЊи|тйЕуЏњУБЁ', 'ТАїжЮбт«Хт▒ЁТгЙ|10-12тцЕС║цС╗ў|ТЈњућху╗ЊТъётњїт«ЅтЁеУ«цУ»ЂжюђуА«У«ц',
     b'0', 'PENDING', b'0', 10003, 10003, '2026-04-17 10:44:00', '2026-04-17 10:44:00'),
    (43012, 41004, 42004, 3, 'reject', 30, 15, 6, 4, 3, 2, '1688',
     'https://detail.1688.com/offer/801000000403.html',
     'УюАуЃЏтіауЃГжЎХуЊиждЎУќ░уѓЅ уЅЏуџ«уЏњТгЙ', 'т╣┐тиът«Хт▒ЁТЉєС╗ХТАБтЈБ',
     '7.5-9.9 тЁЃ', '300 С╗ХУхи', 'т╣┐СИют╣┐тиъ', NULL, NULL, NULL, NULL, NULL,
     'у╗ЊТъютЇАуЅЄ№╝ЏУюАуЃЏтіауЃГжЎХуЊиждЎУќ░уѓЅуЅЏуџ«уЏњТгЙ№╝ЏС╗иТа╝7.5-9.9тЁЃ№╝Џ300С╗ХУхи№╝Џт╣┐СИют╣┐тиъ№╝Џ5-7тцЕтЈЉУ┤Д',
     'У»дТЃЁтЇќуѓ╣№╝ЏжЎХуЊитцќтБ│№╝ЏУюАуЃЏтіауЃГ№╝ЏТАїжЮбТгЙ№╝ЏуЅЏуџ«уЏњ',
     'т▒ъТђДт┐ФуЁД№╝ЏТЮљУ┤е жЎХуЊитцќтБ│№╝ЏСЙЏућхТќ╣т╝Ј УюАуЃЏтіауЃГ№╝Џт░║т»И ТАїжЮбТгЙ№╝ЏтїЁУБЁ уЅЏуџ«уЏњ',
     'уЅЕТхЂУ»┤Тўј№╝Џ5-7тцЕтЈЉУ┤Д№╝ЏжЮъућхТгЙтИИУДёТјњтЇЋ',
     'тїЁУБЁУ»┤Тўј№╝ЏуЅЏуџ«уЏњ№╝ЏТАїжЮбждЎУќ░уѓЅу«ђУБЁ',
     NULL, NULL, NULL,
     'С║ДтЊЂтиЦСйютјЪуљєСИЇСИђУЄ┤№╝їуЏ┤ТјЦТиўТ▒░сђѓ', NULL, 'HOLD', '',
     'С╗иТа╝Сйј|жЎХуЊитцќтБ│|уЅЏуџ«уЏњ|5-7тцЕтЈЉУ┤Д', 'УюАуЃЏтіауЃГ|ТАїжЮбТгЙ|тиЦСйютјЪуљєСИЇСИђУЄ┤|уЏ┤ТјЦТиўТ▒░',
     b'0', 'PENDING', b'0', 10003, 10003, '2026-04-17 10:44:00', '2026-04-17 10:44:00');
