-- Logistics quote operations v1.
-- Scope: Saudi FBN Riyadh/RUH. Source: forwarder-standardized-saudi-fbn-riyadh-v3-20260507.xlsx.
-- This layer stores human-standardized forwarder quote details and the future operations numeric override layer.

CREATE TABLE IF NOT EXISTS `forwarder_quote_service_line` (
    `id` BIGINT NOT NULL,
    `quote_version_id` BIGINT NOT NULL,
    `quote_version_code` VARCHAR(80) NOT NULL,
    `forwarder_code` VARCHAR(50) NOT NULL,
    `service_code` VARCHAR(100) NOT NULL,
    `service_name` VARCHAR(255) NOT NULL,
    `country` VARCHAR(50) DEFAULT NULL,
    `target_platform` VARCHAR(50) DEFAULT NULL,
    `delivery_city` VARCHAR(100) DEFAULT NULL,
    `destination_node` VARCHAR(150) DEFAULT NULL,
    `transport_mode` VARCHAR(30) NOT NULL,
    `business_type` VARCHAR(80) DEFAULT NULL,
    `delivery_scope` VARCHAR(120) DEFAULT NULL,
    `origin_warehouse` VARCHAR(120) DEFAULT NULL,
    `departure_frequency` VARCHAR(120) DEFAULT NULL,
    `transit_time_text` VARCHAR(120) DEFAULT NULL,
    `transit_days_min` INT DEFAULT NULL,
    `transit_days_max` INT DEFAULT NULL,
    `active_for_mvp` BIT(1) NOT NULL DEFAULT b'1',
    `source_file_name` VARCHAR(255) DEFAULT NULL,
    `source_sheet_or_page` VARCHAR(120) DEFAULT NULL,
    `source_row_or_locator` VARCHAR(120) DEFAULT NULL,
    `source_type` VARCHAR(40) DEFAULT NULL,
    `remark` VARCHAR(1000) DEFAULT NULL,
    `created_by` BIGINT DEFAULT NULL,
    `updated_by` BIGINT DEFAULT NULL,
    `gmt_create` DATETIME NOT NULL DEFAULT CURRENT_TIMESTAMP,
    `gmt_updated` DATETIME NOT NULL DEFAULT CURRENT_TIMESTAMP ON UPDATE CURRENT_TIMESTAMP,
    PRIMARY KEY (`id`),
    UNIQUE KEY `uk_fq_service_line_code` (`service_code`),
    KEY `idx_fq_service_line_version` (`quote_version_id`),
    KEY `idx_fq_service_line_scope` (`transport_mode`, `target_platform`, `delivery_city`)
) ENGINE=InnoDB DEFAULT CHARSET=utf8mb4;

CREATE TABLE IF NOT EXISTS `forwarder_quote_cargo_category` (
    `id` BIGINT NOT NULL,
    `quote_version_id` BIGINT NOT NULL,
    `quote_version_code` VARCHAR(80) NOT NULL,
    `forwarder_code` VARCHAR(50) NOT NULL,
    `service_code` VARCHAR(100) NOT NULL,
    `cargo_category_code` VARCHAR(120) NOT NULL,
    `cargo_category_name` VARCHAR(255) NOT NULL,
    `source_category_name` VARCHAR(255) DEFAULT NULL,
    `category_level_1` VARCHAR(120) DEFAULT NULL,
    `category_level_2` VARCHAR(120) DEFAULT NULL,
    `product_examples` LONGTEXT DEFAULT NULL,
    `product_keywords` LONGTEXT DEFAULT NULL,
    `electric_type` VARCHAR(80) DEFAULT NULL,
    `sensitive_tags` VARCHAR(255) DEFAULT NULL,
    `packing_policy` VARCHAR(255) DEFAULT NULL,
    `manual_confirm_required` BIT(1) NOT NULL DEFAULT b'0',
    `match_priority` INT DEFAULT NULL,
    `source_file_name` VARCHAR(255) DEFAULT NULL,
    `source_sheet_or_page` VARCHAR(120) DEFAULT NULL,
    `source_row_or_locator` VARCHAR(120) DEFAULT NULL,
    `source_type` VARCHAR(40) DEFAULT NULL,
    `remark` VARCHAR(1000) DEFAULT NULL,
    `created_by` BIGINT DEFAULT NULL,
    `updated_by` BIGINT DEFAULT NULL,
    `gmt_create` DATETIME NOT NULL DEFAULT CURRENT_TIMESTAMP,
    `gmt_updated` DATETIME NOT NULL DEFAULT CURRENT_TIMESTAMP ON UPDATE CURRENT_TIMESTAMP,
    PRIMARY KEY (`id`),
    UNIQUE KEY `uk_fq_cargo_category_code` (`cargo_category_code`),
    KEY `idx_fq_cargo_category_service` (`service_code`),
    KEY `idx_fq_cargo_category_version` (`quote_version_id`)
) ENGINE=InnoDB DEFAULT CHARSET=utf8mb4;

CREATE TABLE IF NOT EXISTS `forwarder_quote_base_price` (
    `id` BIGINT NOT NULL,
    `price_rule_code` VARCHAR(80) NOT NULL,
    `quote_version_id` BIGINT NOT NULL,
    `quote_version_code` VARCHAR(80) NOT NULL,
    `service_code` VARCHAR(100) NOT NULL,
    `cargo_category_code` VARCHAR(120) DEFAULT NULL,
    `cargo_category_name` VARCHAR(255) DEFAULT NULL,
    `pricing_model` VARCHAR(60) NOT NULL,
    `currency` VARCHAR(20) DEFAULT NULL,
    `unit_price` DECIMAL(12,4) DEFAULT NULL,
    `billing_unit` VARCHAR(40) DEFAULT NULL,
    `billing_basis` VARCHAR(255) DEFAULT NULL,
    `volume_divisor` DECIMAL(12,4) DEFAULT NULL,
    `sea_weight_ratio` VARCHAR(80) DEFAULT NULL,
    `min_billable_unit` DECIMAL(12,4) DEFAULT NULL,
    `min_billable_unit_type` VARCHAR(40) DEFAULT NULL,
    `min_charge` DECIMAL(12,4) DEFAULT NULL,
    `rounding_rule` VARCHAR(255) DEFAULT NULL,
    `target_platform` VARCHAR(50) DEFAULT NULL,
    `delivery_city` VARCHAR(100) DEFAULT NULL,
    `price_status` VARCHAR(40) NOT NULL DEFAULT 'NORMAL',
    `source_file_name` VARCHAR(255) DEFAULT NULL,
    `source_sheet_or_page` VARCHAR(120) DEFAULT NULL,
    `source_row_or_locator` VARCHAR(120) DEFAULT NULL,
    `source_type` VARCHAR(40) DEFAULT NULL,
    `remark` VARCHAR(1000) DEFAULT NULL,
    `created_by` BIGINT DEFAULT NULL,
    `updated_by` BIGINT DEFAULT NULL,
    `gmt_create` DATETIME NOT NULL DEFAULT CURRENT_TIMESTAMP,
    `gmt_updated` DATETIME NOT NULL DEFAULT CURRENT_TIMESTAMP ON UPDATE CURRENT_TIMESTAMP,
    PRIMARY KEY (`id`),
    UNIQUE KEY `uk_fq_base_price_rule_code` (`price_rule_code`),
    KEY `idx_fq_base_price_version` (`quote_version_id`),
    KEY `idx_fq_base_price_service_category` (`service_code`, `cargo_category_code`)
) ENGINE=InnoDB DEFAULT CHARSET=utf8mb4;

CREATE TABLE IF NOT EXISTS `forwarder_quote_transport_fee` (
    `id` BIGINT NOT NULL,
    `fee_rule_code` VARCHAR(80) NOT NULL,
    `quote_version_id` BIGINT NOT NULL,
    `quote_version_code` VARCHAR(80) NOT NULL,
    `service_code` VARCHAR(100) NOT NULL,
    `fee_name` VARCHAR(255) NOT NULL,
    `fee_type` VARCHAR(80) DEFAULT NULL,
    `target_platform` VARCHAR(50) DEFAULT NULL,
    `delivery_city` VARCHAR(100) DEFAULT NULL,
    `trigger_condition` VARCHAR(255) DEFAULT NULL,
    `pricing_model` VARCHAR(60) DEFAULT NULL,
    `currency` VARCHAR(20) DEFAULT NULL,
    `amount` DECIMAL(12,4) DEFAULT NULL,
    `rate` DECIMAL(12,6) DEFAULT NULL,
    `billing_unit` VARCHAR(40) DEFAULT NULL,
    `billing_basis` VARCHAR(255) DEFAULT NULL,
    `min_charge` DECIMAL(12,4) DEFAULT NULL,
    `min_billable_unit` DECIMAL(12,4) DEFAULT NULL,
    `rounding_rule` VARCHAR(255) DEFAULT NULL,
    `included_in_base_price` BIT(1) NOT NULL DEFAULT b'0',
    `source_file_name` VARCHAR(255) DEFAULT NULL,
    `source_sheet_or_page` VARCHAR(120) DEFAULT NULL,
    `source_row_or_locator` VARCHAR(120) DEFAULT NULL,
    `source_type` VARCHAR(40) DEFAULT NULL,
    `remark` VARCHAR(1000) DEFAULT NULL,
    `created_by` BIGINT DEFAULT NULL,
    `updated_by` BIGINT DEFAULT NULL,
    `gmt_create` DATETIME NOT NULL DEFAULT CURRENT_TIMESTAMP,
    `gmt_updated` DATETIME NOT NULL DEFAULT CURRENT_TIMESTAMP ON UPDATE CURRENT_TIMESTAMP,
    PRIMARY KEY (`id`),
    UNIQUE KEY `uk_fq_transport_fee_code` (`fee_rule_code`),
    KEY `idx_fq_transport_fee_version` (`quote_version_id`),
    KEY `idx_fq_transport_fee_service` (`service_code`)
) ENGINE=InnoDB DEFAULT CHARSET=utf8mb4;

CREATE TABLE IF NOT EXISTS `forwarder_quote_billing_rule` (
    `id` BIGINT NOT NULL,
    `rule_code` VARCHAR(80) NOT NULL,
    `quote_version_id` BIGINT NOT NULL,
    `quote_version_code` VARCHAR(80) NOT NULL,
    `service_code` VARCHAR(100) NOT NULL,
    `cargo_category_code` VARCHAR(120) DEFAULT NULL,
    `rule_type` VARCHAR(80) DEFAULT NULL,
    `severity` VARCHAR(40) DEFAULT NULL,
    `condition_text` LONGTEXT DEFAULT NULL,
    `structured_field` VARCHAR(120) DEFAULT NULL,
    `operator` VARCHAR(40) DEFAULT NULL,
    `value` VARCHAR(120) DEFAULT NULL,
    `unit` VARCHAR(40) DEFAULT NULL,
    `action` VARCHAR(120) DEFAULT NULL,
    `volume_divisor` DECIMAL(12,4) DEFAULT NULL,
    `sea_weight_ratio` VARCHAR(80) DEFAULT NULL,
    `rounding_rule` VARCHAR(255) DEFAULT NULL,
    `max_length_cm` DECIMAL(12,4) DEFAULT NULL,
    `max_weight_kg` DECIMAL(12,4) DEFAULT NULL,
    `source_file_name` VARCHAR(255) DEFAULT NULL,
    `source_sheet_or_page` VARCHAR(120) DEFAULT NULL,
    `source_row_or_locator` VARCHAR(120) DEFAULT NULL,
    `source_type` VARCHAR(40) DEFAULT NULL,
    `remark` VARCHAR(1000) DEFAULT NULL,
    `created_by` BIGINT DEFAULT NULL,
    `updated_by` BIGINT DEFAULT NULL,
    `gmt_create` DATETIME NOT NULL DEFAULT CURRENT_TIMESTAMP,
    `gmt_updated` DATETIME NOT NULL DEFAULT CURRENT_TIMESTAMP ON UPDATE CURRENT_TIMESTAMP,
    PRIMARY KEY (`id`),
    UNIQUE KEY `uk_fq_billing_rule_code` (`rule_code`),
    KEY `idx_fq_billing_rule_version` (`quote_version_id`),
    KEY `idx_fq_billing_rule_service` (`service_code`)
) ENGINE=InnoDB DEFAULT CHARSET=utf8mb4;

CREATE TABLE IF NOT EXISTS `forwarder_warehouse_processing_fee` (
    `id` BIGINT NOT NULL,
    `processing_fee_code` VARCHAR(80) NOT NULL,
    `quote_version_id` BIGINT NOT NULL,
    `quote_version_code` VARCHAR(80) NOT NULL,
    `service_code` VARCHAR(100) NOT NULL,
    `warehouse_country` VARCHAR(80) DEFAULT NULL,
    `warehouse_city` VARCHAR(100) DEFAULT NULL,
    `fee_name` VARCHAR(255) NOT NULL,
    `fee_type` VARCHAR(80) DEFAULT NULL,
    `processing_scope` VARCHAR(120) DEFAULT NULL,
    `pricing_model` VARCHAR(60) DEFAULT NULL,
    `currency` VARCHAR(20) DEFAULT NULL,
    `amount` DECIMAL(12,4) DEFAULT NULL,
    `billing_unit` VARCHAR(40) DEFAULT NULL,
    `condition_text` LONGTEXT DEFAULT NULL,
    `min_charge` DECIMAL(12,4) DEFAULT NULL,
    `free_condition` VARCHAR(255) DEFAULT NULL,
    `target_platform` VARCHAR(50) DEFAULT NULL,
    `source_file_name` VARCHAR(255) DEFAULT NULL,
    `source_sheet_or_page` VARCHAR(120) DEFAULT NULL,
    `source_row_or_locator` VARCHAR(120) DEFAULT NULL,
    `source_type` VARCHAR(40) DEFAULT NULL,
    `remark` VARCHAR(1000) DEFAULT NULL,
    `created_by` BIGINT DEFAULT NULL,
    `updated_by` BIGINT DEFAULT NULL,
    `gmt_create` DATETIME NOT NULL DEFAULT CURRENT_TIMESTAMP,
    `gmt_updated` DATETIME NOT NULL DEFAULT CURRENT_TIMESTAMP ON UPDATE CURRENT_TIMESTAMP,
    PRIMARY KEY (`id`),
    UNIQUE KEY `uk_fq_wh_processing_fee_code` (`processing_fee_code`),
    KEY `idx_fq_wh_processing_fee_version` (`quote_version_id`),
    KEY `idx_fq_wh_processing_fee_service` (`service_code`)
) ENGINE=InnoDB DEFAULT CHARSET=utf8mb4;

CREATE TABLE IF NOT EXISTS `forwarder_quote_prohibited_item` (
    `id` BIGINT NOT NULL,
    `restriction_code` VARCHAR(80) NOT NULL,
    `quote_version_id` BIGINT NOT NULL,
    `quote_version_code` VARCHAR(80) NOT NULL,
    `country` VARCHAR(80) DEFAULT NULL,
    `service_code` VARCHAR(100) DEFAULT NULL,
    `item_category` VARCHAR(255) DEFAULT NULL,
    `item_name_cn` VARCHAR(255) DEFAULT NULL,
    `item_name_en` VARCHAR(255) DEFAULT NULL,
    `severity` VARCHAR(80) DEFAULT NULL,
    `handling_action` VARCHAR(120) DEFAULT NULL,
    `source_file_name` VARCHAR(255) DEFAULT NULL,
    `source_sheet_or_page` VARCHAR(120) DEFAULT NULL,
    `source_row_or_locator` VARCHAR(120) DEFAULT NULL,
    `source_type` VARCHAR(40) DEFAULT NULL,
    `remark` VARCHAR(1000) DEFAULT NULL,
    `created_by` BIGINT DEFAULT NULL,
    `updated_by` BIGINT DEFAULT NULL,
    `gmt_create` DATETIME NOT NULL DEFAULT CURRENT_TIMESTAMP,
    `gmt_updated` DATETIME NOT NULL DEFAULT CURRENT_TIMESTAMP ON UPDATE CURRENT_TIMESTAMP,
    PRIMARY KEY (`id`),
    UNIQUE KEY `uk_fq_prohibited_item_code` (`restriction_code`),
    KEY `idx_fq_prohibited_item_version` (`quote_version_id`),
    KEY `idx_fq_prohibited_item_name` (`item_name_cn`)
) ENGINE=InnoDB DEFAULT CHARSET=utf8mb4;

CREATE TABLE IF NOT EXISTS `forwarder_quote_numeric_adjustment` (
    `id` BIGINT NOT NULL,
    `quote_version_id` BIGINT NOT NULL,
    `target_type` VARCHAR(60) NOT NULL,
    `target_id` BIGINT NOT NULL,
    `field_name` VARCHAR(80) NOT NULL,
    `original_value` DECIMAL(12,4) DEFAULT NULL,
    `adjusted_value` DECIMAL(12,4) NOT NULL,
    `currency` VARCHAR(20) DEFAULT NULL,
    `reason` VARCHAR(500) DEFAULT NULL,
    `adjustment_status` VARCHAR(40) NOT NULL DEFAULT 'ACTIVE',
    `created_by` BIGINT DEFAULT NULL,
    `updated_by` BIGINT DEFAULT NULL,
    `gmt_create` DATETIME NOT NULL DEFAULT CURRENT_TIMESTAMP,
    `gmt_updated` DATETIME NOT NULL DEFAULT CURRENT_TIMESTAMP ON UPDATE CURRENT_TIMESTAMP,
    PRIMARY KEY (`id`),
    UNIQUE KEY `uk_fq_numeric_adjustment_current` (`target_type`, `target_id`, `field_name`, `adjustment_status`),
    KEY `idx_fq_numeric_adjustment_version` (`quote_version_id`)
) ENGINE=InnoDB DEFAULT CHARSET=utf8mb4;

CREATE TABLE IF NOT EXISTS `forwarder_quote_numeric_adjustment_log` (
    `id` BIGINT NOT NULL,
    `adjustment_id` BIGINT DEFAULT NULL,
    `quote_version_id` BIGINT NOT NULL,
    `target_type` VARCHAR(60) NOT NULL,
    `target_id` BIGINT NOT NULL,
    `field_name` VARCHAR(80) NOT NULL,
    `before_value` DECIMAL(12,4) DEFAULT NULL,
    `after_value` DECIMAL(12,4) DEFAULT NULL,
    `action_type` VARCHAR(60) NOT NULL,
    `reason` VARCHAR(500) DEFAULT NULL,
    `operated_by` BIGINT DEFAULT NULL,
    `gmt_create` DATETIME NOT NULL DEFAULT CURRENT_TIMESTAMP,
    PRIMARY KEY (`id`),
    KEY `idx_fq_numeric_adjustment_log_target` (`target_type`, `target_id`, `field_name`),
    KEY `idx_fq_numeric_adjustment_log_version` (`quote_version_id`)
) ENGINE=InnoDB DEFAULT CHARSET=utf8mb4;


INSERT INTO `forwarder` (`id`, `name`, `alias`, `company_name`, `status`, `notes`, `created_by`, `updated_by`, `gmt_create`, `gmt_updated`) VALUES
    (900001, '众鸫供应链', 'ZD', '深圳市众鸫供应链', 'ACTIVE', '物流报价运营维护样本：沙特 FBN 利雅得，来源为人工标准化 v3。', 1, 1, NOW(), NOW()),
    (900002, '义特物流', 'YT', NULL, 'ACTIVE', '物流报价运营维护样本：沙特 FBN 利雅得，来源为人工标准化 v3。', 1, 1, NOW(), NOW())
ON DUPLICATE KEY UPDATE
    `alias` = VALUES(`alias`),
    `company_name` = VALUES(`company_name`),
    `status` = VALUES(`status`),
    `notes` = VALUES(`notes`),
    `updated_by` = VALUES(`updated_by`),
    `gmt_updated` = NOW();

INSERT INTO `quote_source_bundle` (`id`, `forwarder_id`, `bundle_name`, `analysis_status`, `analysis_summary`, `created_by`, `updated_by`, `gmt_create`, `gmt_updated`) VALUES
    (901001, 900001, '众鸫供应链沙特 FBN 利雅得报价 v3', 'STANDARDIZED', '已按系统口径人工标准化：空运、海运、海外仓商品处理费拆分记录。', 1, 1, NOW(), NOW()),
    (901002, 900002, '义特物流沙特 FBN 利雅得报价 v3', 'STANDARDIZED', '已按系统口径人工标准化：海运与FBN利雅得送仓费拆分记录。', 1, 1, NOW(), NOW())
ON DUPLICATE KEY UPDATE
    `forwarder_id` = VALUES(`forwarder_id`),
    `bundle_name` = VALUES(`bundle_name`),
    `analysis_status` = VALUES(`analysis_status`),
    `analysis_summary` = VALUES(`analysis_summary`),
    `updated_by` = VALUES(`updated_by`),
    `gmt_updated` = NOW();

INSERT INTO `quote_source_file` (`id`, `bundle_id`, `file_name`, `file_type`, `file_path`, `created_by`, `updated_by`, `gmt_create`, `gmt_updated`) VALUES
    (902001, 901001, '深圳市众鸫供应链报价单2026.4.11(1)(2)(1).xlsx', 'xlsx', '/Users/gromy/Downloads/深圳市众鸫供应链报价单2026.4.11(1)(2)(1).xlsx', 1, 1, NOW(), NOW()),
    (902002, 901002, '沙特价格表.pdf', 'pdf', '/Users/gromy/Downloads/沙特价格表.pdf', 1, 1, NOW(), NOW())
ON DUPLICATE KEY UPDATE
    `bundle_id` = VALUES(`bundle_id`),
    `file_name` = VALUES(`file_name`),
    `file_type` = VALUES(`file_type`),
    `file_path` = VALUES(`file_path`),
    `updated_by` = VALUES(`updated_by`),
    `gmt_updated` = NOW();

INSERT INTO `quote_source_note` (`id`, `bundle_id`, `note_type`, `source_channel`, `content`, `author_name`, `created_by`, `updated_by`, `gmt_create`, `gmt_updated`) VALUES
    (903001, 901001, 'standardization_note', 'manual', '系统当前只做沙特 FBN 利雅得；空运和海运分开记录；海外仓只保留商品处理相关费用。', 'Codex', 1, 1, NOW(), NOW()),
    (903002, 901002, 'wechat_note', 'wechat_manual', '义特单品需要分别加 240/方；本稿已由人工计入字段价格，系统不再在明细行重复加价。', 'gromy', 1, 1, NOW(), NOW())
ON DUPLICATE KEY UPDATE
    `bundle_id` = VALUES(`bundle_id`),
    `note_type` = VALUES(`note_type`),
    `source_channel` = VALUES(`source_channel`),
    `content` = VALUES(`content`),
    `author_name` = VALUES(`author_name`),
    `updated_by` = VALUES(`updated_by`),
    `gmt_updated` = NOW();

INSERT INTO `forwarder_quote_version` (`id`, `forwarder_id`, `bundle_id`, `version_no`, `effective_from`, `status`, `summary`, `created_by`, `updated_by`, `gmt_create`, `gmt_updated`) VALUES
    (904001, 900001, 901001, 'ZD-20260411', '2026-04-11', 'PUBLISHED', '众鸫 2026-04-11 起沙特 FBN 利雅得人工标准化报价。', 1, 1, NOW(), NOW()),
    (904002, 900002, 901002, 'YT-SAU-UNDATED-001', NULL, 'PUBLISHED', '义特沙特价格表人工标准化报价；+240/方已人工计入价格字段。', 1, 1, NOW(), NOW())
ON DUPLICATE KEY UPDATE
    `forwarder_id` = VALUES(`forwarder_id`),
    `bundle_id` = VALUES(`bundle_id`),
    `version_no` = VALUES(`version_no`),
    `effective_from` = VALUES(`effective_from`),
    `status` = VALUES(`status`),
    `summary` = VALUES(`summary`),
    `updated_by` = VALUES(`updated_by`),
    `gmt_updated` = NOW();

INSERT INTO `forwarder_quote_service_line` (
    `id`, `quote_version_id`, `quote_version_code`, `forwarder_code`, `service_code`, `service_name`, `country`, `target_platform`, `delivery_city`, `destination_node`, `transport_mode`, `business_type`, `delivery_scope`, `origin_warehouse`, `departure_frequency`, `transit_time_text`, `transit_days_min`, `transit_days_max`, `active_for_mvp`, `source_file_name`, `source_sheet_or_page`, `source_row_or_locator`, `source_type`, `remark`, `created_by`, `updated_by`
) VALUES
    (910001, 904001, 'ZD-20260411', 'ZD', 'ZD-SAU-AIR-FBN-RUH', '沙特空运专线 FBN利雅得（含送仓报价）', '沙特', 'FBN', '利雅得/RUH', 'FBN利雅得仓', 'AIR', 'B2B大货', '头程+送仓', '深圳', NULL, '4-8天/5-8天', 4, 8, b'1', '深圳市众鸫供应链报价单2026.4.11(1)(2)(1).xlsx', '沙特空运专线', 'R4-R11', 'file', '来源原文为 FBA/FBN 合并报价；本系统当前只取 FBN 利雅得。', 1, 1),
    (910002, 904001, 'ZD-20260411', 'ZD', 'ZD-SAU-SEA-WH-RUH', '沙特海运专线到众鸫海外仓 + FBN利雅得送仓', '沙特', 'FBN', '利雅得/RUH', '众鸫沙特海外仓/FBN利雅得仓', 'SEA', 'B2B大货', '头程到海外仓+FBN送仓', '深圳', NULL, '40-65天', 40, 65, b'1', '深圳市众鸫供应链报价单2026.4.11(1)(2)(1).xlsx', '沙特海运专线', 'R4-R36', 'file', '基础海运价不含送仓，利雅得FBN送仓费在04页签单独记录。', 1, 1),
    (910003, 904001, 'ZD-20260411', 'ZD', 'ZD-SAU-WH-PROCESS', '众鸫沙特海外仓商品处理服务', '沙特', 'FBN', '利雅得/RUH', '众鸫沙特海外仓', 'WAREHOUSE', '海外仓', '商品处理费', NULL, NULL, NULL, NULL, NULL, b'1', '深圳市众鸫供应链报价单2026.4.11(1)(2)(1).xlsx', '沙特海外仓服务', 'R4-R25', 'file', '只记录商品处理费用；不记录私人地址或其它城市派送。', 1, 1),
    (910004, 904002, 'YT-SAU-UNDATED-001', 'YT', 'YT-SAU-SEA-FBN-RUH', '义特沙特海运双清包税 + FBN利雅得送仓', '沙特', 'FBN', '利雅得/RUH', 'FBN利雅得仓', 'SEA', 'B2B大货', '海运双清包税+FBN送仓', NULL, NULL, NULL, NULL, NULL, b'1', '沙特价格表.pdf', 'PAGE 1', 'PDF text', 'file', 'PDF未提供时效和明确生效日期；补充说明由版本记录管理；本表只保留最终可计算价格。', 1, 1)
ON DUPLICATE KEY UPDATE
    `quote_version_id` = VALUES(`quote_version_id`),
    `quote_version_code` = VALUES(`quote_version_code`),
    `forwarder_code` = VALUES(`forwarder_code`),
    `service_code` = VALUES(`service_code`),
    `service_name` = VALUES(`service_name`),
    `country` = VALUES(`country`),
    `target_platform` = VALUES(`target_platform`),
    `delivery_city` = VALUES(`delivery_city`),
    `destination_node` = VALUES(`destination_node`),
    `transport_mode` = VALUES(`transport_mode`),
    `business_type` = VALUES(`business_type`),
    `delivery_scope` = VALUES(`delivery_scope`),
    `origin_warehouse` = VALUES(`origin_warehouse`),
    `departure_frequency` = VALUES(`departure_frequency`),
    `transit_time_text` = VALUES(`transit_time_text`),
    `transit_days_min` = VALUES(`transit_days_min`),
    `transit_days_max` = VALUES(`transit_days_max`),
    `active_for_mvp` = VALUES(`active_for_mvp`),
    `source_file_name` = VALUES(`source_file_name`),
    `source_sheet_or_page` = VALUES(`source_sheet_or_page`),
    `source_row_or_locator` = VALUES(`source_row_or_locator`),
    `source_type` = VALUES(`source_type`),
    `remark` = VALUES(`remark`),
    `created_by` = VALUES(`created_by`),
    `updated_by` = VALUES(`updated_by`);

INSERT INTO `forwarder_quote_cargo_category` (
    `id`, `quote_version_id`, `quote_version_code`, `forwarder_code`, `service_code`, `cargo_category_code`, `cargo_category_name`, `source_category_name`, `category_level_1`, `category_level_2`, `product_examples`, `product_keywords`, `electric_type`, `sensitive_tags`, `packing_policy`, `manual_confirm_required`, `match_priority`, `source_file_name`, `source_sheet_or_page`, `source_row_or_locator`, `source_type`, `remark`, `created_by`, `updated_by`
) VALUES
    (911001, 904001, 'ZD-20260411', 'ZD', 'ZD-SAU-AIR-FBN-RUH', 'ZD-SAU-AIR-FBN-RUH-CAT-001', '沙特空运（普货）', '沙特空运（普货）', '空运分类', '沙特空运（普货）', 'JED（吉达仓） FBA FBN另询价', 'JED，吉达仓，FBA，FBN另询价', '不确定', NULL, NULL, b'1', 1, '深圳市众鸫供应链报价单2026.4.11(1)(2)(1).xlsx', '沙特空运专线', 'R6', 'file', 'JED（吉达仓） FBA FBN另询价', 1, 1),
    (911002, 904001, 'ZD-20260411', 'ZD', 'ZD-SAU-AIR-FBN-RUH', 'ZD-SAU-AIR-FBN-RUH-CAT-002', '沙特空运（敏货）', '沙特空运（敏货）', '空运分类', '沙特空运（敏货）', 'JED（吉达仓） FBA FBN另询价', 'JED，吉达仓，FBA，FBN另询价', '不确定', '敏货', NULL, b'1', 2, '深圳市众鸫供应链报价单2026.4.11(1)(2)(1).xlsx', '沙特空运专线', 'R7', 'file', 'JED（吉达仓） FBA FBN另询价', 1, 1),
    (911003, 904001, 'ZD-20260411', 'ZD', 'ZD-SAU-SEA-WH-RUH', 'ZD-SAU-SEA-WH-RUH-CAT-003', '沙特海运（A类）', 'A类', '海运分类', '沙特海运（A类）', '衣服/包包/鞋子/帽子/皮带/行李箱/床上用品/收纳包等（单箱可多个品名装箱）', '衣服，包包，鞋子，帽子，皮带，行李箱，床上用品，收纳包等，单箱可多个品名装箱', '不确定', NULL, '可混装', b'0', 3, '深圳市众鸫供应链报价单2026.4.11(1)(2)(1).xlsx', '沙特海运专线', 'R6', 'file', '衣服/包包/鞋子/帽子/皮带/行李箱/床上用品/收纳包等（单箱可多个品名装箱）', 1, 1),
    (911004, 904001, 'ZD-20260411', 'ZD', 'ZD-SAU-SEA-WH-RUH', 'ZD-SAU-SEA-WH-RUH-CAT-004', '沙特海运（B类）', 'B类', '海运分类', '沙特海运（B类）', '收纳盒、收纳架、支架、帐篷、家居家具、厨具、餐具类、小型健身器材、表带、鼠标垫、儿童滑梯、乐器、木门、门锁、婴儿车、五金配件、包装材料、家具等不带内电产品（单箱单一品名）', '收纳盒，收纳架，支架，帐篷，家居家具，厨具，餐具类，小型健身器材，表带，鼠标垫，儿童滑梯，乐器，木门，门锁，婴儿车，五金配件，包装材料，家具等不带内电产品', '不确定', NULL, '单箱单一品名', b'0', 4, '深圳市众鸫供应链报价单2026.4.11(1)(2)(1).xlsx', '沙特海运专线', 'R7', 'file', '收纳盒、收纳架、支架、帐篷、家居家具、厨具、餐具类、小型健身器材、表带、鼠标垫、儿童滑梯、乐器、木门、门锁、婴儿车、五金配件、包装材料、家具等不带内电产品（单箱单一品名）', 1, 1),
    (911005, 904001, 'ZD-20260411', 'ZD', 'ZD-SAU-SEA-WH-RUH', 'ZD-SAU-SEA-WH-RUH-CAT-005', '沙特海运（B1类）', 'B1类', '海运分类', '沙特海运（B1类）', '咖啡套装（单箱单一品名）', '咖啡套装，单箱单一品名', '不确定', NULL, '单箱单一品名', b'0', 5, '深圳市众鸫供应链报价单2026.4.11(1)(2)(1).xlsx', '沙特海运专线', 'R8', 'file', '咖啡套装（单箱单一品名）', 1, 1),
    (911006, 904001, 'ZD-20260411', 'ZD', 'ZD-SAU-SEA-WH-RUH', 'ZD-SAU-SEA-WH-RUH-CAT-006', '沙特海运（B2类）', 'B2类', '海运分类', '沙特海运（B2类）', '蓝牙耳机/充电器/转接器/蓝牙音响/车充/摄像机支架等（单箱单类产品）', '蓝牙耳机，充电器，转接器，蓝牙音响，车充，摄像机支架等，单箱单类产品', '带电', NULL, '单箱单类', b'0', 6, '深圳市众鸫供应链报价单2026.4.11(1)(2)(1).xlsx', '沙特海运专线', 'R9', 'file', '蓝牙耳机/充电器/转接器/蓝牙音响/车充/摄像机支架等（单箱单类产品）', 1, 1),
    (911007, 904001, 'ZD-20260411', 'ZD', 'ZD-SAU-SEA-WH-RUH', 'ZD-SAU-SEA-WH-RUH-CAT-007', '沙特海运（B3类）', 'B3类', '海运分类', '沙特海运（B3类）', '数据线、转接线、键盘、鼠标 （不带电）（单箱单类产品）', '数据线，转接线，键盘，鼠标，不带电，单箱单类产品', '带电', NULL, '单箱单类', b'0', 7, '深圳市众鸫供应链报价单2026.4.11(1)(2)(1).xlsx', '沙特海运专线', 'R10', 'file', '数据线、转接线、键盘、鼠标 （不带电）（单箱单类产品）', 1, 1),
    (911008, 904001, 'ZD-20260411', 'ZD', 'ZD-SAU-SEA-WH-RUH', 'ZD-SAU-SEA-WH-RUH-CAT-008', '沙特海运（B4类）', 'B4类', '海运分类', '沙特海运（B4类）', '蓝牙键盘/蓝牙鼠标/电脑适配器/游戏手柄/VR眼镜等（单箱单类产品）', '蓝牙键盘，蓝牙鼠标，电脑适配器，游戏手柄，VR眼镜等，单箱单类产品', '带电', '眼镜', '单箱单类', b'0', 8, '深圳市众鸫供应链报价单2026.4.11(1)(2)(1).xlsx', '沙特海运专线', 'R11', 'file', '蓝牙键盘/蓝牙鼠标/电脑适配器/游戏手柄/VR眼镜等（单箱单类产品）', 1, 1),
    (911009, 904001, 'ZD-20260411', 'ZD', 'ZD-SAU-SEA-WH-RUH', 'ZD-SAU-SEA-WH-RUH-CAT-009', '沙特海运（C类）', 'C类', '海运分类', '沙特海运（C类）', '儿童滑板车/史莱姆玩具/益智玩具/塑料玩具/布偶/娃娃 等不接电后期不通电玩具、化妆刷、化妆蛋（单箱单类产品）', '儿童滑板车，史莱姆玩具，益智玩具，塑料玩具，布偶，娃娃，等不接电后期不通电玩具，化妆刷，化妆蛋，单箱单类产品', '不确定', NULL, '单箱单类', b'0', 9, '深圳市众鸫供应链报价单2026.4.11(1)(2)(1).xlsx', '沙特海运专线', 'R12', 'file', '儿童滑板车/史莱姆玩具/益智玩具/塑料玩具/布偶/娃娃 等不接电后期不通电玩具、化妆刷、化妆蛋（单箱单类产品）', 1, 1),
    (911010, 904001, 'ZD-20260411', 'ZD', 'ZD-SAU-SEA-WH-RUH', 'ZD-SAU-SEA-WH-RUH-CAT-010', '沙特海运（C2类）', 'C2类', '海运分类', '沙特海运（C2类）', '化妆玩具、印泥、筋膜枪、头部按摩仪、颈部按摩仪、脱毛仪、洁脸仪、硅胶洁脸仪、扩香机等（单箱单类产品）', '化妆玩具，印泥，筋膜枪，头部按摩仪，颈部按摩仪，脱毛仪，洁脸仪，硅胶洁脸仪，扩香机等，单箱单类产品', '不确定', '按摩', '单箱单类', b'0', 10, '深圳市众鸫供应链报价单2026.4.11(1)(2)(1).xlsx', '沙特海运专线', 'R13', 'file', '化妆玩具、印泥、筋膜枪、头部按摩仪、颈部按摩仪、脱毛仪、洁脸仪、硅胶洁脸仪、扩香机等（单箱单类产品）', 1, 1),
    (911011, 904001, 'ZD-20260411', 'ZD', 'ZD-SAU-SEA-WH-RUH', 'ZD-SAU-SEA-WH-RUH-CAT-011', '沙特海运（D类）', 'D类', '海运分类', '沙特海运（D类）', '玩具车/玩具类等带内电产品（单箱单类产品）', '玩具车，玩具类等带内电产品，单箱单类产品', '不确定', NULL, '单箱单类', b'0', 11, '深圳市众鸫供应链报价单2026.4.11(1)(2)(1).xlsx', '沙特海运专线', 'R14', 'file', '玩具车/玩具类等带内电产品（单箱单类产品）', 1, 1),
    (911012, 904001, 'ZD-20260411', 'ZD', 'ZD-SAU-SEA-WH-RUH', 'ZD-SAU-SEA-WH-RUH-CAT-012', '沙特海运（E类）', 'E类', '海运分类', '沙特海运（E类）', '咖啡机、直发器、榨汁机、电吹风，吸尘器、剃毛器、闹钟/热风梳/理发器/剃须刀/投影仪等带内电或者插电三插小家电类（单箱单类产品）', '咖啡机，直发器，榨汁机，电吹风，吸尘器，剃毛器，闹钟，热风梳，理发器，剃须刀，单箱单类产品', '带电/插电', NULL, '单箱单类', b'0', 12, '深圳市众鸫供应链报价单2026.4.11(1)(2)(1).xlsx', '沙特海运专线', 'R15', 'file', '咖啡机、直发器、榨汁机、电吹风，吸尘器、剃毛器、闹钟/热风梳/理发器/剃须刀/投影仪等带内电或者插电三插小家电类（单箱单类产品）', 1, 1),
    (911013, 904001, 'ZD-20260411', 'ZD', 'ZD-SAU-SEA-WH-RUH', 'ZD-SAU-SEA-WH-RUH-CAT-013', '沙特海运（F类）', 'F类', '海运分类', '沙特海运（F类）', '庭院灯、LED灯、灯泡、舞台灯/车灯（非爆闪）非太阳能灯等（单箱单类产品）', '庭院灯，LED灯，灯泡，舞台灯，车灯，非爆闪，非太阳能灯等，单箱单类产品', '不确定', '太阳能', '单箱单类', b'0', 13, '深圳市众鸫供应链报价单2026.4.11(1)(2)(1).xlsx', '沙特海运专线', 'R16', 'file', '庭院灯、LED灯、灯泡、舞台灯/车灯（非爆闪）非太阳能灯等（单箱单类产品）', 1, 1),
    (911014, 904001, 'ZD-20260411', 'ZD', 'ZD-SAU-SEA-WH-RUH', 'ZD-SAU-SEA-WH-RUH-CAT-014', '沙特海运（G类）', 'G类', '海运分类', '沙特海运（G类）', '太阳能灯、太阳能板、LED显示屏、打火机（无气体、无液体）、车载洗车机、插座、开关、点火器、脱毛仪、跑步机、冰柜、冰淇淋机、热敏打印机、摄像头（无储存功能）、条码扫描机、汽车中控屏、广告机、空气炸锅等（单箱单类产品）', '太阳能灯，太阳能板，LED显示屏，打火机，无气体，无液体，车载洗车机，插座，开关，点火器，脱毛仪，跑步机，冰柜，冰淇淋机，热敏打印机，摄像头，无储存功能，条码扫描机', '不确定', '液体，太阳能，摄像头', '单箱单类', b'1', 14, '深圳市众鸫供应链报价单2026.4.11(1)(2)(1).xlsx', '沙特海运专线', 'R17', 'file', '太阳能灯、太阳能板、LED显示屏、打火机（无气体、无液体）、车载洗车机、插座、开关、点火器、脱毛仪、跑步机、冰柜、冰淇淋机、热敏打印机、摄像头（无储存功能）、条码扫描机、汽车中控屏、广告机、空气炸锅等（单箱单类产品）', 1, 1),
    (911015, 904001, 'ZD-20260411', 'ZD', 'ZD-SAU-SEA-WH-RUH', 'ZD-SAU-SEA-WH-RUH-CAT-015', '沙特海运（H类）', 'H类', '海运分类', '沙特海运（H类）', '无牌手表、饰品、袖扣、钢笔、圆珠笔、马克笔、水彩笔等（单箱单类产品）', '无牌手表，饰品，袖扣，钢笔，圆珠笔，马克笔，水彩笔等，单箱单类产品', '不确定', '手表', '单箱单类', b'0', 15, '深圳市众鸫供应链报价单2026.4.11(1)(2)(1).xlsx', '沙特海运专线', 'R18', 'file', '无牌手表、饰品、袖扣、钢笔、圆珠笔、马克笔、水彩笔等（单箱单类产品）', 1, 1),
    (911016, 904001, 'ZD-20260411', 'ZD', 'ZD-SAU-SEA-WH-RUH', 'ZD-SAU-SEA-WH-RUH-CAT-016', '沙特海运（I类）', 'I类', '海运分类', '沙特海运（I类）', '浴缸/浴盆/马桶/花洒/水龙头/洗车水枪/汽车配件等（单箱单类产品）', '浴缸，浴盆，马桶，花洒，水龙头，洗车水枪，汽车配件等，单箱单类产品', '不确定', NULL, '单箱单类', b'0', 16, '深圳市众鸫供应链报价单2026.4.11(1)(2)(1).xlsx', '沙特海运专线', 'R19', 'file', '浴缸/浴盆/马桶/花洒/水龙头/洗车水枪/汽车配件等（单箱单类产品）', 1, 1),
    (911017, 904001, 'ZD-20260411', 'ZD', 'ZD-SAU-SEA-WH-RUH', 'ZD-SAU-SEA-WH-RUH-CAT-017', '沙特海运（J类）', 'J类', '海运分类', '沙特海运（J类）', '按摩椅、按摩床、医疗床、轮椅等以确认可发的为准（单箱单类产品）', '按摩椅，按摩床，医疗床，轮椅等以确认可发的为准，单箱单类产品', '不确定', '按摩', '单箱单类', b'0', 17, '深圳市众鸫供应链报价单2026.4.11(1)(2)(1).xlsx', '沙特海运专线', 'R20', 'file', '按摩椅、按摩床、医疗床、轮椅等以确认可发的为准（单箱单类产品）', 1, 1),
    (911018, 904001, 'ZD-20260411', 'ZD', 'ZD-SAU-SEA-WH-RUH', 'ZD-SAU-SEA-WH-RUH-CAT-018', '沙特海运（混装杂货）', '混装杂货', '海运分类', '沙特海运（混装杂货）', '多种产品混装不带电（最新要求：不能混led灯、充电器、手机配件产品， 如果混有带电或者接电小家电产品，不能分开的话 报价按小家电价格报价）', '多种产品混装不带电，最新要求：不能混led灯，充电器，手机配件产品，不能分开的话，报价按小家电价格报价', '带电', NULL, '可混装/混装限制', b'0', 18, '深圳市众鸫供应链报价单2026.4.11(1)(2)(1).xlsx', '沙特海运专线', 'R21', 'file', '多种产品混装不带电（最新要求：不能混led灯、充电器、手机配件产品， 如果混有带电或者接电小家电产品，不能分开的话 报价按小家电价格报价）', 1, 1),
    (911019, 904001, 'ZD-20260411', 'ZD', 'ZD-SAU-SEA-WH-RUH', 'ZD-SAU-SEA-WH-RUH-CAT-019', '沙特海运（K类）', 'K类', '海运分类', '沙特海运（K类）', '鞋子 包包 帽子 手办等 以确认可以发的为准（单箱单类产品）', '鞋子，包包，帽子，手办等，以确认可以发的为准，单箱单类产品', '不确定', NULL, '单箱单类', b'0', 19, '深圳市众鸫供应链报价单2026.4.11(1)(2)(1).xlsx', '沙特海运专线', 'R22', 'file', '鞋子 包包 帽子 手办等 以确认可以发的为准（单箱单类产品）', 1, 1),
    (911020, 904002, 'YT-SAU-UNDATED-001', 'YT', 'YT-SAU-SEA-FBN-RUH', 'YT-SAU-SEA-FBN-RUH-CAT-020', '普货', '普货', '空运分类', '普货', '纯纺织类产品、衣服、围巾、家居类、日用百货类、带磁产品、五金配件、汽车配件、泳镜、化妆刷；不涉及用电、侵权、美妆等敏感产品', '纯纺织类产品，衣服，围巾，家居类，日用百货类，带磁产品，五金配件，汽车配件，泳镜，化妆刷，不涉及用电，侵权，美妆等敏感产品', '不确定', NULL, NULL, b'0', 20, '沙特价格表.pdf', 'PAGE 1', 'PDF text', 'file', '人工录入最终可计算单价；补充说明由版本记录管理。', 1, 1),
    (911021, 904002, 'YT-SAU-UNDATED-001', 'YT', 'YT-SAU-SEA-FBN-RUH', 'YT-SAU-SEA-FBN-RUH-CAT-021', '带电带插带磁类', '带电带插带磁类', '海运分类', '带电带插带磁类', '涉及带电带插头家用小家电、电子类数据线、车充、转换器、转接头、气球、机车头盔、手足印泥、车载MP5、电容笔、胶枪、非医用温度计、检测仪、游戏手柄、滤芯类等', '涉及带电带插头家用小家电，电子类数据线，车充，转换器，转接头，气球，机车头盔，手足印泥，车载MP5，电容笔，胶枪，非医用温度计，检测仪，游戏手柄，滤芯类等', '带电/插电', NULL, NULL, b'0', 21, '沙特价格表.pdf', 'PAGE 1', 'PDF text', 'file', '人工录入最终可计算单价；补充说明由版本记录管理。', 1, 1),
    (911022, 904002, 'YT-SAU-UNDATED-001', 'YT', 'YT-SAU-SEA-FBN-RUH', 'YT-SAU-SEA-FBN-RUH-CAT-022', '灯具、卫浴类', '灯具、卫浴类', '海运分类', '灯具、卫浴类', '卫浴类、家用灯具类、LED类、太阳能类产品；灯具类要清装不能混箱装', '卫浴类，家用灯具类，LED类，太阳能类产品，灯具类要清装不能混箱装', '不确定', '灯具，卫浴，太阳能', '清装', b'0', 22, '沙特价格表.pdf', 'PAGE 1', 'PDF text', 'file', '人工录入最终可计算单价；补充说明由版本记录管理。', 1, 1),
    (911023, 904002, 'YT-SAU-UNDATED-001', 'YT', 'YT-SAU-SEA-FBN-RUH', 'YT-SAU-SEA-FBN-RUH-CAT-023', '一般敏感货', '一般敏感货', '海运分类', '一般敏感货', '行车记录仪、各类笔、石膏及橡皮泥类玩具、按摩类、手表类、身体接触类、大功率家电、测温仪、呼吸训练器、电话机、雾化器、泡腾片等', '行车记录仪，各类笔，石膏及橡皮泥类玩具，按摩类，手表类，身体接触类，大功率家电，测温仪，呼吸训练器，电话机，雾化器，泡腾片等', '不确定', '手表，按摩', NULL, b'0', 23, '沙特价格表.pdf', 'PAGE 1', 'PDF text', 'file', '人工录入最终可计算单价；补充说明由版本记录管理。', 1, 1),
    (911024, 904002, 'YT-SAU-UNDATED-001', 'YT', 'YT-SAU-SEA-FBN-RUH', 'YT-SAU-SEA-FBN-RUH-CAT-024', '机械设备类', '机械设备类', '海运分类', '机械设备类', '大型机器类、小型电动车', '大型机器类，小型电动车', '不确定', '机械', NULL, b'0', 24, '沙特价格表.pdf', 'PAGE 1', 'PDF text', 'file', '人工录入最终可计算单价；补充说明由版本记录管理。', 1, 1),
    (911025, 904002, 'YT-SAU-UNDATED-001', 'YT', 'YT-SAU-SEA-FBN-RUH', 'YT-SAU-SEA-FBN-RUH-CAT-025', '特殊类', '特殊类', '海运分类', '特殊类', '口腔接触类、带摄像头带GPS产品', '口腔接触类，带摄像头带GPS产品', '不确定', '摄像头，GPS', NULL, b'1', 25, '沙特价格表.pdf', 'PAGE 1', 'PDF text', 'file', '人工录入最终可计算单价；补充说明由版本记录管理。', 1, 1),
    (911026, 904002, 'YT-SAU-UNDATED-001', 'YT', 'YT-SAU-SEA-FBN-RUH', 'YT-SAU-SEA-FBN-RUH-CAT-026', '卡牌类', '卡牌类', '海运分类', '卡牌类', '扑克牌、纸牌类（涉及到赌博类）', '扑克牌，纸牌类，涉及到赌博类', '不确定', '卡牌', NULL, b'0', 26, '沙特价格表.pdf', 'PAGE 1', 'PDF text', 'file', '按PDF原价落地。', 1, 1),
    (911027, 904002, 'YT-SAU-UNDATED-001', 'YT', 'YT-SAU-SEA-FBN-RUH', 'YT-SAU-SEA-FBN-RUH-CAT-027', '眼镜类', '眼镜类', '海运分类', '眼镜类', '太阳眼镜、老花镜、儿童眼镜等', '太阳眼镜，老花镜，儿童眼镜等', '不确定', '眼镜', NULL, b'0', 27, '沙特价格表.pdf', 'PAGE 1', 'PDF text', 'file', '按PDF原价落地。', 1, 1),
    (911028, 904002, 'YT-SAU-UNDATED-001', 'YT', 'YT-SAU-SEA-FBN-RUH', 'YT-SAU-SEA-FBN-RUH-CAT-028', '敏感货', '敏感货', '海运分类', '敏感货', '化妆品类、仿真类玩具娃娃、信息接收器、WI FI放大器、路由器、假发类产品', '化妆品类，仿真类玩具娃娃，信息接收器，WI，FI放大器，路由器，假发类产品', '不确定', '化妆品', NULL, b'0', 28, '沙特价格表.pdf', 'PAGE 1', 'PDF text', 'file', '按PDF原价落地。', 1, 1),
    (911029, 904002, 'YT-SAU-UNDATED-001', 'YT', 'YT-SAU-SEA-FBN-RUH', 'YT-SAU-SEA-FBN-RUH-CAT-029', '其它品类', '其它品类', '海运分类', '其它品类', '其它品类价格单独确认', '其它品类价格单独确认', '不确定', NULL, NULL, b'0', 29, '沙特价格表.pdf', 'PAGE 1', 'PDF text', 'file', 'PDF写明其它品类价格单独确认。', 1, 1)
ON DUPLICATE KEY UPDATE
    `quote_version_id` = VALUES(`quote_version_id`),
    `quote_version_code` = VALUES(`quote_version_code`),
    `forwarder_code` = VALUES(`forwarder_code`),
    `service_code` = VALUES(`service_code`),
    `cargo_category_code` = VALUES(`cargo_category_code`),
    `cargo_category_name` = VALUES(`cargo_category_name`),
    `source_category_name` = VALUES(`source_category_name`),
    `category_level_1` = VALUES(`category_level_1`),
    `category_level_2` = VALUES(`category_level_2`),
    `product_examples` = VALUES(`product_examples`),
    `product_keywords` = VALUES(`product_keywords`),
    `electric_type` = VALUES(`electric_type`),
    `sensitive_tags` = VALUES(`sensitive_tags`),
    `packing_policy` = VALUES(`packing_policy`),
    `manual_confirm_required` = VALUES(`manual_confirm_required`),
    `match_priority` = VALUES(`match_priority`),
    `source_file_name` = VALUES(`source_file_name`),
    `source_sheet_or_page` = VALUES(`source_sheet_or_page`),
    `source_row_or_locator` = VALUES(`source_row_or_locator`),
    `source_type` = VALUES(`source_type`),
    `remark` = VALUES(`remark`),
    `created_by` = VALUES(`created_by`),
    `updated_by` = VALUES(`updated_by`);

INSERT INTO `forwarder_quote_base_price` (
    `id`, `price_rule_code`, `quote_version_id`, `quote_version_code`, `service_code`, `cargo_category_code`, `cargo_category_name`, `pricing_model`, `currency`, `unit_price`, `billing_unit`, `billing_basis`, `volume_divisor`, `sea_weight_ratio`, `min_billable_unit`, `min_billable_unit_type`, `min_charge`, `rounding_rule`, `target_platform`, `delivery_city`, `price_status`, `source_file_name`, `source_sheet_or_page`, `source_row_or_locator`, `source_type`, `remark`, `created_by`, `updated_by`
) VALUES
    (912001, 'PR-0001', 904001, 'ZD-20260411', 'ZD-SAU-AIR-FBN-RUH', 'ZD-SAU-AIR-FBN-RUH-CAT-001', '沙特空运（普货）', 'PER_KG', 'RMB', 67, 'KG', '实重与体积重取大', 5000, NULL, 10, 'KG', NULL, '保留小数点后两位；0.5进位', 'FBN', '利雅得/RUH', 'NORMAL', '深圳市众鸫供应链报价单2026.4.11(1)(2)(1).xlsx', '沙特空运专线', 'R6; 规则R13', 'file', 'JED（吉达仓） FBA FBN另询价', 1, 1),
    (912002, 'PR-0002', 904001, 'ZD-20260411', 'ZD-SAU-AIR-FBN-RUH', 'ZD-SAU-AIR-FBN-RUH-CAT-002', '沙特空运（敏货）', 'INQUIRY', 'RMB', NULL, 'KG', '实重与体积重取大', 5000, NULL, 10, 'KG', NULL, '保留小数点后两位；0.5进位', 'FBN', '利雅得/RUH', 'INQUIRY', '深圳市众鸫供应链报价单2026.4.11(1)(2)(1).xlsx', '沙特空运专线', 'R7; 规则R13', 'file', 'JED（吉达仓） FBA FBN另询价', 1, 1),
    (912003, 'PR-0003', 904001, 'ZD-20260411', 'ZD-SAU-SEA-WH-RUH', 'ZD-SAU-SEA-WH-RUH-CAT-003', '沙特海运（A类）', 'PER_CBM', 'RMB', 1250, 'CBM', '实重/300与材积取大', NULL, '1CBM=300KG', 0.1, 'CBM', NULL, '不足0.1立方按0.1立方；保留小数点后2位', 'FBN', '利雅得/RUH', 'NORMAL', '深圳市众鸫供应链报价单2026.4.11(1)(2)(1).xlsx', '沙特海运专线', 'R6; 规则R28', 'file', '衣服/包包/鞋子/帽子/皮带/行李箱/床上用品/收纳包等（单箱可多个品名装箱）', 1, 1),
    (912004, 'PR-0004', 904001, 'ZD-20260411', 'ZD-SAU-SEA-WH-RUH', 'ZD-SAU-SEA-WH-RUH-CAT-004', '沙特海运（B类）', 'PER_CBM', 'RMB', 1250, 'CBM', '实重/300与材积取大', NULL, '1CBM=300KG', 0.1, 'CBM', NULL, '不足0.1立方按0.1立方；保留小数点后2位', 'FBN', '利雅得/RUH', 'NORMAL', '深圳市众鸫供应链报价单2026.4.11(1)(2)(1).xlsx', '沙特海运专线', 'R7; 规则R28', 'file', '收纳盒、收纳架、支架、帐篷、家居家具、厨具、餐具类、小型健身器材、表带、鼠标垫、儿童滑梯、乐器、木门、门锁、婴儿车、五金配件、包装材料、家具等不带内电产品（单箱单一品名）', 1, 1),
    (912005, 'PR-0005', 904001, 'ZD-20260411', 'ZD-SAU-SEA-WH-RUH', 'ZD-SAU-SEA-WH-RUH-CAT-005', '沙特海运（B1类）', 'PER_CBM', 'RMB', 1500, 'CBM', '实重/300与材积取大', NULL, '1CBM=300KG', 0.1, 'CBM', NULL, '不足0.1立方按0.1立方；保留小数点后2位', 'FBN', '利雅得/RUH', 'NORMAL', '深圳市众鸫供应链报价单2026.4.11(1)(2)(1).xlsx', '沙特海运专线', 'R8; 规则R28', 'file', '咖啡套装（单箱单一品名）', 1, 1),
    (912006, 'PR-0006', 904001, 'ZD-20260411', 'ZD-SAU-SEA-WH-RUH', 'ZD-SAU-SEA-WH-RUH-CAT-006', '沙特海运（B2类）', 'PER_CBM', 'RMB', 1800, 'CBM', '实重/300与材积取大', NULL, '1CBM=300KG', 0.1, 'CBM', NULL, '不足0.1立方按0.1立方；保留小数点后2位', 'FBN', '利雅得/RUH', 'NORMAL', '深圳市众鸫供应链报价单2026.4.11(1)(2)(1).xlsx', '沙特海运专线', 'R9; 规则R28', 'file', '蓝牙耳机/充电器/转接器/蓝牙音响/车充/摄像机支架等（单箱单类产品）', 1, 1),
    (912007, 'PR-0007', 904001, 'ZD-20260411', 'ZD-SAU-SEA-WH-RUH', 'ZD-SAU-SEA-WH-RUH-CAT-007', '沙特海运（B3类）', 'PER_CBM', 'RMB', 1550, 'CBM', '实重/300与材积取大', NULL, '1CBM=300KG', 0.1, 'CBM', NULL, '不足0.1立方按0.1立方；保留小数点后2位', 'FBN', '利雅得/RUH', 'NORMAL', '深圳市众鸫供应链报价单2026.4.11(1)(2)(1).xlsx', '沙特海运专线', 'R10; 规则R28', 'file', '数据线、转接线、键盘、鼠标 （不带电）（单箱单类产品）', 1, 1),
    (912008, 'PR-0008', 904001, 'ZD-20260411', 'ZD-SAU-SEA-WH-RUH', 'ZD-SAU-SEA-WH-RUH-CAT-008', '沙特海运（B4类）', 'PER_CBM', 'RMB', 2000, 'CBM', '实重/300与材积取大', NULL, '1CBM=300KG', 0.1, 'CBM', NULL, '不足0.1立方按0.1立方；保留小数点后2位', 'FBN', '利雅得/RUH', 'NORMAL', '深圳市众鸫供应链报价单2026.4.11(1)(2)(1).xlsx', '沙特海运专线', 'R11; 规则R28', 'file', '蓝牙键盘/蓝牙鼠标/电脑适配器/游戏手柄/VR眼镜等（单箱单类产品）', 1, 1),
    (912009, 'PR-0009', 904001, 'ZD-20260411', 'ZD-SAU-SEA-WH-RUH', 'ZD-SAU-SEA-WH-RUH-CAT-009', '沙特海运（C类）', 'PER_CBM', 'RMB', 1750, 'CBM', '实重/300与材积取大', NULL, '1CBM=300KG', 0.1, 'CBM', NULL, '不足0.1立方按0.1立方；保留小数点后2位', 'FBN', '利雅得/RUH', 'NORMAL', '深圳市众鸫供应链报价单2026.4.11(1)(2)(1).xlsx', '沙特海运专线', 'R12; 规则R28', 'file', '儿童滑板车/史莱姆玩具/益智玩具/塑料玩具/布偶/娃娃 等不接电后期不通电玩具、化妆刷、化妆蛋（单箱单类产品）', 1, 1),
    (912010, 'PR-0010', 904001, 'ZD-20260411', 'ZD-SAU-SEA-WH-RUH', 'ZD-SAU-SEA-WH-RUH-CAT-010', '沙特海运（C2类）', 'PER_CBM', 'RMB', 2800, 'CBM', '实重/300与材积取大', NULL, '1CBM=300KG', 0.1, 'CBM', NULL, '不足0.1立方按0.1立方；保留小数点后2位', 'FBN', '利雅得/RUH', 'NORMAL', '深圳市众鸫供应链报价单2026.4.11(1)(2)(1).xlsx', '沙特海运专线', 'R13; 规则R28', 'file', '化妆玩具、印泥、筋膜枪、头部按摩仪、颈部按摩仪、脱毛仪、洁脸仪、硅胶洁脸仪、扩香机等（单箱单类产品）', 1, 1),
    (912011, 'PR-0011', 904001, 'ZD-20260411', 'ZD-SAU-SEA-WH-RUH', 'ZD-SAU-SEA-WH-RUH-CAT-011', '沙特海运（D类）', 'PER_CBM', 'RMB', 2000, 'CBM', '实重/300与材积取大', NULL, '1CBM=300KG', 0.1, 'CBM', NULL, '不足0.1立方按0.1立方；保留小数点后2位', 'FBN', '利雅得/RUH', 'NORMAL', '深圳市众鸫供应链报价单2026.4.11(1)(2)(1).xlsx', '沙特海运专线', 'R14; 规则R28', 'file', '玩具车/玩具类等带内电产品（单箱单类产品）', 1, 1),
    (912012, 'PR-0012', 904001, 'ZD-20260411', 'ZD-SAU-SEA-WH-RUH', 'ZD-SAU-SEA-WH-RUH-CAT-012', '沙特海运（E类）', 'PER_CBM', 'RMB', 2300, 'CBM', '实重/300与材积取大', NULL, '1CBM=300KG', 0.1, 'CBM', NULL, '不足0.1立方按0.1立方；保留小数点后2位', 'FBN', '利雅得/RUH', 'NORMAL', '深圳市众鸫供应链报价单2026.4.11(1)(2)(1).xlsx', '沙特海运专线', 'R15; 规则R28', 'file', '咖啡机、直发器、榨汁机、电吹风，吸尘器、剃毛器、闹钟/热风梳/理发器/剃须刀/投影仪等带内电或者插电三插小家电类（单箱单类产品）', 1, 1),
    (912013, 'PR-0013', 904001, 'ZD-20260411', 'ZD-SAU-SEA-WH-RUH', 'ZD-SAU-SEA-WH-RUH-CAT-013', '沙特海运（F类）', 'PER_CBM', 'RMB', 1950, 'CBM', '实重/300与材积取大', NULL, '1CBM=300KG', 0.1, 'CBM', NULL, '不足0.1立方按0.1立方；保留小数点后2位', 'FBN', '利雅得/RUH', 'NORMAL', '深圳市众鸫供应链报价单2026.4.11(1)(2)(1).xlsx', '沙特海运专线', 'R16; 规则R28', 'file', '庭院灯、LED灯、灯泡、舞台灯/车灯（非爆闪）非太阳能灯等（单箱单类产品）', 1, 1),
    (912014, 'PR-0014', 904001, 'ZD-20260411', 'ZD-SAU-SEA-WH-RUH', 'ZD-SAU-SEA-WH-RUH-CAT-014', '沙特海运（G类）', 'PER_CBM', 'RMB', 2800, 'CBM', '实重/300与材积取大', NULL, '1CBM=300KG', 0.1, 'CBM', NULL, '不足0.1立方按0.1立方；保留小数点后2位', 'FBN', '利雅得/RUH', 'NORMAL', '深圳市众鸫供应链报价单2026.4.11(1)(2)(1).xlsx', '沙特海运专线', 'R17; 规则R28', 'file', '太阳能灯、太阳能板、LED显示屏、打火机（无气体、无液体）、车载洗车机、插座、开关、点火器、脱毛仪、跑步机、冰柜、冰淇淋机、热敏打印机、摄像头（无储存功能）、条码扫描机、汽车中控屏、广告机、空气炸锅等（单箱单类产品）', 1, 1),
    (912015, 'PR-0015', 904001, 'ZD-20260411', 'ZD-SAU-SEA-WH-RUH', 'ZD-SAU-SEA-WH-RUH-CAT-015', '沙特海运（H类）', 'PER_CBM', 'RMB', 2500, 'CBM', '实重/300与材积取大', NULL, '1CBM=300KG', 0.1, 'CBM', NULL, '不足0.1立方按0.1立方；保留小数点后2位', 'FBN', '利雅得/RUH', 'NORMAL', '深圳市众鸫供应链报价单2026.4.11(1)(2)(1).xlsx', '沙特海运专线', 'R18; 规则R28', 'file', '无牌手表、饰品、袖扣、钢笔、圆珠笔、马克笔、水彩笔等（单箱单类产品）', 1, 1),
    (912016, 'PR-0016', 904001, 'ZD-20260411', 'ZD-SAU-SEA-WH-RUH', 'ZD-SAU-SEA-WH-RUH-CAT-016', '沙特海运（I类）', 'PER_CBM', 'RMB', 2300, 'CBM', '实重/300与材积取大', NULL, '1CBM=300KG', 0.1, 'CBM', NULL, '不足0.1立方按0.1立方；保留小数点后2位', 'FBN', '利雅得/RUH', 'NORMAL', '深圳市众鸫供应链报价单2026.4.11(1)(2)(1).xlsx', '沙特海运专线', 'R19; 规则R28', 'file', '浴缸/浴盆/马桶/花洒/水龙头/洗车水枪/汽车配件等（单箱单类产品）', 1, 1),
    (912017, 'PR-0017', 904001, 'ZD-20260411', 'ZD-SAU-SEA-WH-RUH', 'ZD-SAU-SEA-WH-RUH-CAT-017', '沙特海运（J类）', 'PER_CBM', 'RMB', 2900, 'CBM', '实重/300与材积取大', NULL, '1CBM=300KG', 0.1, 'CBM', NULL, '不足0.1立方按0.1立方；保留小数点后2位', 'FBN', '利雅得/RUH', 'NORMAL', '深圳市众鸫供应链报价单2026.4.11(1)(2)(1).xlsx', '沙特海运专线', 'R20; 规则R28', 'file', '按摩椅、按摩床、医疗床、轮椅等以确认可发的为准（单箱单类产品）', 1, 1),
    (912018, 'PR-0018', 904001, 'ZD-20260411', 'ZD-SAU-SEA-WH-RUH', 'ZD-SAU-SEA-WH-RUH-CAT-018', '沙特海运（混装杂货）', 'PER_CBM', 'RMB', 1950, 'CBM', '实重/300与材积取大', NULL, '1CBM=300KG', 0.1, 'CBM', NULL, '不足0.1立方按0.1立方；保留小数点后2位', 'FBN', '利雅得/RUH', 'NORMAL', '深圳市众鸫供应链报价单2026.4.11(1)(2)(1).xlsx', '沙特海运专线', 'R21; 规则R28', 'file', '多种产品混装不带电（最新要求：不能混led灯、充电器、手机配件产品， 如果混有带电或者接电小家电产品，不能分开的话 报价按小家电价格报价）', 1, 1),
    (912019, 'PR-0019', 904001, 'ZD-20260411', 'ZD-SAU-SEA-WH-RUH', 'ZD-SAU-SEA-WH-RUH-CAT-019', '沙特海运（K类）', 'PER_CBM', 'RMB', 2700, 'CBM', '实重/300与材积取大', NULL, '1CBM=300KG', 0.1, 'CBM', NULL, '不足0.1立方按0.1立方；保留小数点后2位', 'FBN', '利雅得/RUH', 'NORMAL', '深圳市众鸫供应链报价单2026.4.11(1)(2)(1).xlsx', '沙特海运专线', 'R22; 规则R28', 'file', '鞋子 包包 帽子 手办等 以确认可以发的为准（单箱单类产品）', 1, 1),
    (912020, 'PR-0020', 904002, 'YT-SAU-UNDATED-001', 'YT-SAU-SEA-FBN-RUH', 'YT-SAU-SEA-FBN-RUH-CAT-020', '普货', 'PER_CBM', 'RMB', 1190, 'CBM', '实重/300与材积取大', NULL, '1CBM=300KG', NULL, NULL, NULL, NULL, 'FBN', '利雅得/RUH', 'NORMAL', '沙特价格表.pdf', 'PAGE 1', 'PDF text', 'file', '人工录入最终可计算单价；补充说明由版本记录管理。', 1, 1),
    (912021, 'PR-0021', 904002, 'YT-SAU-UNDATED-001', 'YT-SAU-SEA-FBN-RUH', 'YT-SAU-SEA-FBN-RUH-CAT-021', '带电带插带磁类', 'PER_CBM', 'RMB', 1640, 'CBM', '实重/300与材积取大', NULL, '1CBM=300KG', NULL, NULL, NULL, NULL, 'FBN', '利雅得/RUH', 'NORMAL', '沙特价格表.pdf', 'PAGE 1', 'PDF text', 'file', '人工录入最终可计算单价；补充说明由版本记录管理。', 1, 1),
    (912022, 'PR-0022', 904002, 'YT-SAU-UNDATED-001', 'YT-SAU-SEA-FBN-RUH', 'YT-SAU-SEA-FBN-RUH-CAT-022', '灯具、卫浴类', 'PER_CBM', 'RMB', 1740, 'CBM', '实重/300与材积取大', NULL, '1CBM=300KG', NULL, NULL, NULL, NULL, 'FBN', '利雅得/RUH', 'NORMAL', '沙特价格表.pdf', 'PAGE 1', 'PDF text', 'file', '人工录入最终可计算单价；补充说明由版本记录管理。', 1, 1),
    (912023, 'PR-0023', 904002, 'YT-SAU-UNDATED-001', 'YT-SAU-SEA-FBN-RUH', 'YT-SAU-SEA-FBN-RUH-CAT-023', '一般敏感货', 'PER_CBM', 'RMB', 2140, 'CBM', '实重/300与材积取大', NULL, '1CBM=300KG', NULL, NULL, NULL, NULL, 'FBN', '利雅得/RUH', 'NORMAL', '沙特价格表.pdf', 'PAGE 1', 'PDF text', 'file', '人工录入最终可计算单价；补充说明由版本记录管理。', 1, 1),
    (912024, 'PR-0024', 904002, 'YT-SAU-UNDATED-001', 'YT-SAU-SEA-FBN-RUH', 'YT-SAU-SEA-FBN-RUH-CAT-024', '机械设备类', 'PER_CBM', 'RMB', 2740, 'CBM', '实重/300与材积取大', NULL, '1CBM=300KG', NULL, NULL, NULL, NULL, 'FBN', '利雅得/RUH', 'NORMAL', '沙特价格表.pdf', 'PAGE 1', 'PDF text', 'file', '人工录入最终可计算单价；补充说明由版本记录管理。', 1, 1),
    (912025, 'PR-0025', 904002, 'YT-SAU-UNDATED-001', 'YT-SAU-SEA-FBN-RUH', 'YT-SAU-SEA-FBN-RUH-CAT-025', '特殊类', 'PER_CBM', 'RMB', 3240, 'CBM', '实重/300与材积取大', NULL, '1CBM=300KG', NULL, NULL, NULL, NULL, 'FBN', '利雅得/RUH', 'NORMAL', '沙特价格表.pdf', 'PAGE 1', 'PDF text', 'file', '人工录入最终可计算单价；补充说明由版本记录管理。', 1, 1),
    (912026, 'PR-0026', 904002, 'YT-SAU-UNDATED-001', 'YT-SAU-SEA-FBN-RUH', 'YT-SAU-SEA-FBN-RUH-CAT-026', '卡牌类', 'PER_KG', 'RMB', 19, 'KG', '按KG计费', NULL, NULL, NULL, NULL, NULL, NULL, 'FBN', '利雅得/RUH', 'NORMAL', '沙特价格表.pdf', 'PAGE 1', 'PDF text', 'file', '按PDF原价落地。', 1, 1),
    (912027, 'PR-0027', 904002, 'YT-SAU-UNDATED-001', 'YT-SAU-SEA-FBN-RUH', 'YT-SAU-SEA-FBN-RUH-CAT-027', '眼镜类', 'PER_KG', 'RMB', 25, 'KG', '按KG计费', NULL, NULL, NULL, NULL, NULL, NULL, 'FBN', '利雅得/RUH', 'NORMAL', '沙特价格表.pdf', 'PAGE 1', 'PDF text', 'file', '按PDF原价落地。', 1, 1),
    (912028, 'PR-0028', 904002, 'YT-SAU-UNDATED-001', 'YT-SAU-SEA-FBN-RUH', 'YT-SAU-SEA-FBN-RUH-CAT-028', '敏感货', 'PER_KG', 'RMB', 30, 'KG', '按KG计费', NULL, NULL, NULL, NULL, NULL, NULL, 'FBN', '利雅得/RUH', 'NORMAL', '沙特价格表.pdf', 'PAGE 1', 'PDF text', 'file', '按PDF原价落地。', 1, 1),
    (912029, 'PR-0029', 904002, 'YT-SAU-UNDATED-001', 'YT-SAU-SEA-FBN-RUH', 'YT-SAU-SEA-FBN-RUH-CAT-029', '其它品类', 'INQUIRY', 'RMB', NULL, NULL, '按KG计费', NULL, NULL, NULL, NULL, NULL, NULL, 'FBN', '利雅得/RUH', 'INQUIRY', '沙特价格表.pdf', 'PAGE 1', 'PDF text', 'file', 'PDF写明其它品类价格单独确认。', 1, 1)
ON DUPLICATE KEY UPDATE
    `price_rule_code` = VALUES(`price_rule_code`),
    `quote_version_id` = VALUES(`quote_version_id`),
    `quote_version_code` = VALUES(`quote_version_code`),
    `service_code` = VALUES(`service_code`),
    `cargo_category_code` = VALUES(`cargo_category_code`),
    `cargo_category_name` = VALUES(`cargo_category_name`),
    `pricing_model` = VALUES(`pricing_model`),
    `currency` = VALUES(`currency`),
    `unit_price` = VALUES(`unit_price`),
    `billing_unit` = VALUES(`billing_unit`),
    `billing_basis` = VALUES(`billing_basis`),
    `volume_divisor` = VALUES(`volume_divisor`),
    `sea_weight_ratio` = VALUES(`sea_weight_ratio`),
    `min_billable_unit` = VALUES(`min_billable_unit`),
    `min_billable_unit_type` = VALUES(`min_billable_unit_type`),
    `min_charge` = VALUES(`min_charge`),
    `rounding_rule` = VALUES(`rounding_rule`),
    `target_platform` = VALUES(`target_platform`),
    `delivery_city` = VALUES(`delivery_city`),
    `price_status` = VALUES(`price_status`),
    `source_file_name` = VALUES(`source_file_name`),
    `source_sheet_or_page` = VALUES(`source_sheet_or_page`),
    `source_row_or_locator` = VALUES(`source_row_or_locator`),
    `source_type` = VALUES(`source_type`),
    `remark` = VALUES(`remark`),
    `created_by` = VALUES(`created_by`),
    `updated_by` = VALUES(`updated_by`);

INSERT INTO `forwarder_quote_transport_fee` (
    `id`, `fee_rule_code`, `quote_version_id`, `quote_version_code`, `service_code`, `fee_name`, `fee_type`, `target_platform`, `delivery_city`, `trigger_condition`, `pricing_model`, `currency`, `amount`, `rate`, `billing_unit`, `billing_basis`, `min_charge`, `min_billable_unit`, `rounding_rule`, `included_in_base_price`, `source_file_name`, `source_sheet_or_page`, `source_row_or_locator`, `source_type`, `remark`, `created_by`, `updated_by`
) VALUES
    (913001, 'FEE-0001', 904001, 'ZD-20260411', 'ZD-SAU-SEA-WH-RUH', '利雅得FBN送仓费', 'FBN_DELIVERY', 'FBN', '利雅得/RUH', '利雅得FBN/FBA', 'PER_CBM', 'RMB', 200, NULL, 'CBM', '按海运计费方', NULL, NULL, NULL, b'0', '深圳市众鸫供应链报价单2026.4.11(1)(2)(1).xlsx', '沙特海运专线', 'R24', 'file', '来源原文 FBN/FBA 合并；系统只使用FBN利雅得。', 1, 1),
    (913002, 'FEE-0003', 904002, 'YT-SAU-UNDATED-001', 'YT-SAU-SEA-FBN-RUH', 'FBN送仓费-利雅得', 'FBN_DELIVERY', 'FBN', '利雅得/RUH', 'FBA/FBN送仓：利亚德', 'PER_KG', 'RMB', 3, NULL, 'KG', '按重量', 300, NULL, NULL, b'0', '沙特价格表.pdf', 'PAGE 1', 'PDF text', 'file', '最低消费300RMB/票。', 1, 1),
    (913003, 'FEE-0002', 904001, 'ZD-20260411', 'ZD-SAU-WH-PROCESS', 'FBN送仓费-利雅得', 'FBN_DELIVERY', 'FBN', '利雅得/RUH', '海外仓库存送FBN利雅得', 'PER_KG', 'RMB', 3, NULL, 'KG', '按重量', NULL, NULL, NULL, b'0', '深圳市众鸫供应链报价单2026.4.11(1)(2)(1).xlsx', '沙特海外仓服务', 'R15', 'file', 'JED另询，当前只保留利雅得。', 1, 1)
ON DUPLICATE KEY UPDATE
    `fee_rule_code` = VALUES(`fee_rule_code`),
    `quote_version_id` = VALUES(`quote_version_id`),
    `quote_version_code` = VALUES(`quote_version_code`),
    `service_code` = VALUES(`service_code`),
    `fee_name` = VALUES(`fee_name`),
    `fee_type` = VALUES(`fee_type`),
    `target_platform` = VALUES(`target_platform`),
    `delivery_city` = VALUES(`delivery_city`),
    `trigger_condition` = VALUES(`trigger_condition`),
    `pricing_model` = VALUES(`pricing_model`),
    `currency` = VALUES(`currency`),
    `amount` = VALUES(`amount`),
    `rate` = VALUES(`rate`),
    `billing_unit` = VALUES(`billing_unit`),
    `billing_basis` = VALUES(`billing_basis`),
    `min_charge` = VALUES(`min_charge`),
    `min_billable_unit` = VALUES(`min_billable_unit`),
    `rounding_rule` = VALUES(`rounding_rule`),
    `included_in_base_price` = VALUES(`included_in_base_price`),
    `source_file_name` = VALUES(`source_file_name`),
    `source_sheet_or_page` = VALUES(`source_sheet_or_page`),
    `source_row_or_locator` = VALUES(`source_row_or_locator`),
    `source_type` = VALUES(`source_type`),
    `remark` = VALUES(`remark`),
    `created_by` = VALUES(`created_by`),
    `updated_by` = VALUES(`updated_by`);

INSERT INTO `forwarder_quote_billing_rule` (
    `id`, `rule_code`, `quote_version_id`, `quote_version_code`, `service_code`, `cargo_category_code`, `rule_type`, `severity`, `condition_text`, `structured_field`, `operator`, `value`, `unit`, `action`, `volume_divisor`, `sea_weight_ratio`, `rounding_rule`, `max_length_cm`, `max_weight_kg`, `source_file_name`, `source_sheet_or_page`, `source_row_or_locator`, `source_type`, `remark`, `created_by`, `updated_by`
) VALUES
    (914001, 'RULE-0001', 904001, 'ZD-20260411', 'ZD-SAU-AIR-FBN-RUH', NULL, 'BILLING', 'SOFT', '1、沙特空运专线计费：体积重为长*宽*高除以5000（CM/KG），以实重与体积重取大者，保留小数点后两位计算（0.5进位）。单边不超1.5米，三边总和不超2米。', NULL, NULL, NULL, NULL, '加费/按规则处理', 5000, NULL, '保留小数点后两位；0.5进位', 150, NULL, '深圳市众鸫供应链报价单2026.4.11(1)(2)(1).xlsx', '沙特空运专线', 'R13', 'file', NULL, 1, 1),
    (914002, 'RULE-0002', 904001, 'ZD-20260411', 'ZD-SAU-AIR-FBN-RUH', NULL, 'COMPENSATION', 'SOFT', '2、部分遗失，延误或者破损均不赔偿；货物丢失整箱赔偿：按照退运费赔偿1倍运费；敏货，易碎易破损不保价;货物经过查验导致丢失破损均不赔偿；', NULL, NULL, NULL, NULL, '加费/按规则处理', NULL, NULL, NULL, NULL, NULL, '深圳市众鸫供应链报价单2026.4.11(1)(2)(1).xlsx', '沙特空运专线', 'R14', 'file', NULL, 1, 1),
    (914003, 'RULE-0003', 904001, 'ZD-20260411', 'ZD-SAU-AIR-FBN-RUH', NULL, 'PROHIBITED', 'HARD', '3、不接受产品：CCTV产品、品牌、纯电池、化妆品、电子烟、对讲机，以及粉末、易燃易爆，成人用品、药品、食品、保健品、精油等一经发现冲货，我司将向发货方追究责任!（点击查看违禁品清单）', NULL, NULL, NULL, NULL, '拒收/禁发', NULL, NULL, NULL, NULL, NULL, '深圳市众鸫供应链报价单2026.4.11(1)(2)(1).xlsx', '沙特空运专线', 'R15', 'file', NULL, 1, 1),
    (914004, 'RULE-0004', 904001, 'ZD-20260411', 'ZD-SAU-AIR-FBN-RUH', NULL, 'PACKING', 'INFO', '4、客户需要提了解FBA/FBN的入仓要求，每个产品均有FBA/FBN特定条码标签，出货时请提供FBA/FBN入仓时所需的PO和装箱单、发票等完整的入仓资料。', NULL, NULL, NULL, NULL, '提示', NULL, NULL, NULL, NULL, NULL, '深圳市众鸫供应链报价单2026.4.11(1)(2)(1).xlsx', '沙特空运专线', 'R16', 'file', NULL, 1, 1),
    (914005, 'RULE-0005', 904001, 'ZD-20260411', 'ZD-SAU-AIR-FBN-RUH', NULL, 'PACKING', 'INFO', '5、因运输环节较多，请确保货物本身及包装的牢固性，易碎品破损或包装破损由寄件方负责。', NULL, NULL, NULL, NULL, '提示', NULL, NULL, NULL, NULL, NULL, '深圳市众鸫供应链报价单2026.4.11(1)(2)(1).xlsx', '沙特空运专线', 'R17', 'file', NULL, 1, 1),
    (914006, 'RULE-0006', 904001, 'ZD-20260411', 'ZD-SAU-AIR-FBN-RUH', NULL, 'INFO', 'INFO', '6、以上价格为含税报价，币种：RMB。', NULL, NULL, NULL, NULL, '提示', NULL, NULL, NULL, NULL, NULL, '深圳市众鸫供应链报价单2026.4.11(1)(2)(1).xlsx', '沙特空运专线', 'R18', 'file', NULL, 1, 1),
    (914007, 'RULE-0007', 904001, 'ZD-20260411', 'ZD-SAU-AIR-FBN-RUH', NULL, 'INFO', 'INFO', '7、请在交货清单注明对应的“销售产品名”', NULL, NULL, NULL, NULL, '提示', NULL, NULL, NULL, NULL, NULL, '深圳市众鸫供应链报价单2026.4.11(1)(2)(1).xlsx', '沙特空运专线', 'R19', 'file', NULL, 1, 1),
    (914008, 'RULE-0008', 904001, 'ZD-20260411', 'ZD-SAU-SEA-WH-RUH', NULL, 'COMPENSATION', 'INFO', '2、如果发生海关扣货，或者运输过程中不可控因素造成的货物丢失或损耗，本服务理赔规则按照合同协议内容执行。', NULL, NULL, NULL, NULL, '提示', NULL, NULL, NULL, NULL, NULL, '深圳市众鸫供应链报价单2026.4.11(1)(2)(1).xlsx', '沙特海运专线', 'R25', 'file', NULL, 1, 1),
    (914009, 'RULE-0009', 904001, 'ZD-20260411', 'ZD-SAU-SEA-WH-RUH', NULL, 'PACKING', 'HARD', '3、本服务不接任何与穆斯林宗教有冲突的产品（例如其他宗教信仰产品），不接任何色情用品，不接沙特海关禁止进口的产品，所以，交货前请提供清晰装箱单与及图片给我司相关人员确认。', NULL, NULL, NULL, NULL, '拒收/禁发', NULL, NULL, NULL, NULL, NULL, '深圳市众鸫供应链报价单2026.4.11(1)(2)(1).xlsx', '沙特海运专线', 'R26', 'file', NULL, 1, 1),
    (914010, 'RULE-0010', 904001, 'ZD-20260411', 'ZD-SAU-SEA-WH-RUH', NULL, 'PACKING', 'INQUIRY', '4、本服务所接的产品都需要MADE IN CHINA 贴标或者洗水标，纺织品类需要洗水标MADE IN CHINA , 三C产品手机配件产品，则需要产品包装上有贴标或者包装盒自带印刷的MADE IN CHINA ,由于中国产品多样性，对于非常见产品具体MADE IN CHINA，以实际图片确认为准。', NULL, NULL, NULL, NULL, '人工确认', NULL, NULL, NULL, NULL, NULL, '深圳市众鸫供应链报价单2026.4.11(1)(2)(1).xlsx', '沙特海运专线', 'R27', 'file', NULL, 1, 1),
    (914011, 'RULE-0011', 904001, 'ZD-20260411', 'ZD-SAU-SEA-WH-RUH', NULL, 'BILLING', 'SOFT', '5、沙特海运计费：实重/300与材积/1000000相比，取大者；不足0.1立方，按照0.1立方计算。保留小数点后2位计算；如有木箱，托盘等包装收叉车费；', NULL, NULL, NULL, NULL, '加费/按规则处理', NULL, '1CBM=300KG', '保留小数点后2位；不足0.1立方，按照0.1立方', NULL, NULL, '深圳市众鸫供应链报价单2026.4.11(1)(2)(1).xlsx', '沙特海运专线', 'R28', 'file', NULL, 1, 1),
    (914012, 'RULE-0012', 904001, 'ZD-20260411', 'ZD-SAU-SEA-WH-RUH', NULL, 'COMPENSATION', 'SOFT', '6、部分遗失，延误或者破损均不赔偿；货物丢失赔偿：按照退运费赔偿1倍运费，高价值物品建议购买保险。保险费是实际货值的3%，敏货，易碎易破损不保价。 / 发货前请自行告知是否需要购买保险及保险货值RMB。', NULL, NULL, NULL, NULL, '加费/按规则处理', NULL, NULL, NULL, NULL, NULL, '深圳市众鸫供应链报价单2026.4.11(1)(2)(1).xlsx', '沙特海运专线', 'R29', 'file', NULL, 1, 1),
    (914013, 'RULE-0013', 904001, 'ZD-20260411', 'ZD-SAU-SEA-WH-RUH', NULL, 'PROHIBITED', 'HARD', '7、沙特违禁物品禁止出口，我司会进行抽箱查验，一经发现全部退回，若是违禁品在海关被扣所有责任应有客户承担。', NULL, NULL, NULL, NULL, '拒收/禁发', NULL, NULL, NULL, NULL, NULL, '深圳市众鸫供应链报价单2026.4.11(1)(2)(1).xlsx', '沙特海运专线', 'R30', 'file', NULL, 1, 1),
    (914014, 'RULE-0014', 904001, 'ZD-20260411', 'ZD-SAU-SEA-WH-RUH', NULL, 'PROHIBITED', 'HARD', '8、仿牌货、违禁品，以及发票信息不准确的货物会被自动退回，因此所产生的后果及费用（含罚款）由寄件方自行承担。如因寄件方问题给我司造成重大损失，我司将保留追究寄件方责任的权利。', NULL, NULL, NULL, NULL, '拒收/禁发', NULL, NULL, NULL, NULL, NULL, '深圳市众鸫供应链报价单2026.4.11(1)(2)(1).xlsx', '沙特海运专线', 'R31', 'file', NULL, 1, 1),
    (914015, 'RULE-0015', 904001, 'ZD-20260411', 'ZD-SAU-SEA-WH-RUH', NULL, 'DECLARATION', 'SOFT', '9、寄件方必须提交海关通关所需的信息都是真实的、正确的、完整的文件，因而产生的海关罚款、储存费用、退运费用或其他费用由发货人承担。', NULL, NULL, NULL, NULL, '加费/按规则处理', NULL, NULL, NULL, NULL, NULL, '深圳市众鸫供应链报价单2026.4.11(1)(2)(1).xlsx', '沙特海运专线', 'R32', 'file', NULL, 1, 1),
    (914016, 'RULE-0016', 904001, 'ZD-20260411', 'ZD-SAU-SEA-WH-RUH', NULL, 'PROHIBITED', 'HARD', '10、不接受产品：CCTV产品、品牌、纯电池、化妆品、电子烟、对讲机，以及粉末、易燃易爆，成人用品、药品、食品、保健品、精油等一经发现冲货，我司将向发货方追究责任!（点击查看违禁品清单）', NULL, NULL, NULL, NULL, '拒收/禁发', NULL, NULL, NULL, NULL, NULL, '深圳市众鸫供应链报价单2026.4.11(1)(2)(1).xlsx', '沙特海运专线', 'R33', 'file', NULL, 1, 1),
    (914017, 'RULE-0017', 904001, 'ZD-20260411', 'ZD-SAU-SEA-WH-RUH', NULL, 'PACKING', 'INFO', '11、客户需要提了解FBA/FBN的入仓要求，每个产品均有FBA/FBN特定条码标签，出货时请提供FBA/FBN入仓时所需的PO和装箱单、发票等完整的入仓资料。', NULL, NULL, NULL, NULL, '提示', NULL, NULL, NULL, NULL, NULL, '深圳市众鸫供应链报价单2026.4.11(1)(2)(1).xlsx', '沙特海运专线', 'R34', 'file', NULL, 1, 1),
    (914018, 'RULE-0018', 904001, 'ZD-20260411', 'ZD-SAU-SEA-WH-RUH', NULL, 'PACKING', 'INFO', '12、因运输环节较多，请确保货物本身及包装的牢固性，易碎品破损或包装破损由寄件方负责。', NULL, NULL, NULL, NULL, '提示', NULL, NULL, NULL, NULL, NULL, '深圳市众鸫供应链报价单2026.4.11(1)(2)(1).xlsx', '沙特海运专线', 'R35', 'file', NULL, 1, 1),
    (914019, 'RULE-0019', 904001, 'ZD-20260411', 'ZD-SAU-SEA-WH-RUH', NULL, 'INFO', 'INFO', '13、以上价格为含税报价，币种：RMB。', NULL, NULL, NULL, NULL, '提示', NULL, NULL, NULL, NULL, NULL, '深圳市众鸫供应链报价单2026.4.11(1)(2)(1).xlsx', '沙特海运专线', 'R36', 'file', NULL, 1, 1),
    (914020, 'RULE-0020', 904001, 'ZD-20260411', 'ZD-SAU-SEA-WH-RUH', NULL, 'INFO', 'INQUIRY', '利雅得FBN/FBA：200RMB/立方；JED FBA另询价。', 'destination_city', '=', '利雅得/RUH', NULL, '人工确认', NULL, NULL, NULL, NULL, NULL, '深圳市众鸫供应链报价单2026.4.11(1)(2)(1).xlsx', '沙特海运专线', 'R24', 'file', NULL, 1, 1),
    (914021, 'RULE-0026', 904002, 'YT-SAU-UNDATED-001', 'YT-SAU-SEA-FBN-RUH', NULL, 'LABEL', 'INFO', '入仓要求：需在义特系统下单，并按要求贴上入仓标签（一箱2张，贴侧唛），每一个产品必须有made in china。', 'label_required', '=', 'made in china', NULL, '提示', NULL, NULL, NULL, NULL, NULL, '沙特价格表.pdf', 'PAGE 1', 'PDF text', 'file', NULL, 1, 1),
    (914022, 'RULE-0027', 904002, 'YT-SAU-UNDATED-001', 'YT-SAU-SEA-FBN-RUH', NULL, 'SIZE_WEIGHT', 'INFO', '包装要求：纸箱、编织袋、托盘、木架等不同包装均可；送平台仓（FBA/NOON）符合平台箱规尺寸（正常40*50*30）；单箱重量不超40公斤。', 'max_weight_kg', '<=', 40, 'KG', '提示', NULL, NULL, NULL, NULL, 40, '沙特价格表.pdf', 'PAGE 1', 'PDF text', 'file', NULL, 1, 1),
    (914023, 'RULE-0028', 904002, 'YT-SAU-UNDATED-001', 'YT-SAU-SEA-FBN-RUH', NULL, 'INFO', 'INQUIRY', 'FBA/FBN送仓：利亚德，吉达3RMB/KG，最低消费300RMB/票；大货类单询。', 'destination_city', '=', '利雅得/RUH', NULL, '人工确认', NULL, NULL, NULL, NULL, NULL, '沙特价格表.pdf', 'PAGE 1', 'PDF text', 'file', NULL, 1, 1),
    (914024, 'RULE-0029', 904002, 'YT-SAU-UNDATED-001', 'YT-SAU-SEA-FBN-RUH', NULL, 'SIZE_WEIGHT', 'INQUIRY', '箱规：单边尺寸超100CM以上的价格单询。', 'max_length_cm', '>', 100, 'CM', '人工确认', NULL, NULL, NULL, 100, NULL, '沙特价格表.pdf', 'PAGE 1', 'PDF text', 'file', NULL, 1, 1),
    (914025, 'RULE-0030', 904002, 'YT-SAU-UNDATED-001', 'YT-SAU-SEA-FBN-RUH', NULL, 'BILLING', 'HARD', '单证要求：低于10个方以下的货不接报关件（退税报关）；货重比1：300（1CBM=300KG）。', 'sea_weight_ratio', '=', '1CBM=300KG', NULL, '拒收/禁发', NULL, '1CBM=300KG', NULL, NULL, NULL, '沙特价格表.pdf', 'PAGE 1', 'PDF text', 'file', NULL, 1, 1),
    (914026, 'RULE-0031', 904002, 'YT-SAU-UNDATED-001', 'YT-SAU-SEA-FBN-RUH', NULL, 'PROHIBITED', 'HARD', '限制产品：不接液体、粉末、气体、食品、药品、酒和烟的任何相关产品等；不接宗教类产品：古兰经、成人情趣用品、电子烟、带激光类产品等；不接迷彩类、无人机、攻击性武器类产品。', NULL, NULL, NULL, NULL, '拒收/禁发', NULL, NULL, NULL, NULL, NULL, '沙特价格表.pdf', 'PAGE 1', 'PDF text', 'file', NULL, 1, 1),
    (914027, 'RULE-0032', 904002, 'YT-SAU-UNDATED-001', 'YT-SAU-SEA-FBN-RUH', NULL, 'INFO', 'INFO', '有插头产品：比如充电器，排插，家电类等产品，必须是英规三插。', 'plug_type', '=', '英规三插', NULL, '提示', NULL, NULL, NULL, NULL, NULL, '沙特价格表.pdf', 'PAGE 1', 'PDF text', 'file', NULL, 1, 1),
    (914028, 'RULE-0021', 904001, 'ZD-20260411', 'ZD-SAU-WH-PROCESS', NULL, 'LABEL', 'INQUIRY', '使用众鸫FBA/FBN空运物流专线整批入仓无需送仓费 / * 客户FBA/FBN送仓货物在海外仓备货： /    1.货物分批次送FBA/FBN仓库，海外仓会产生送仓费，仓储费，贴标签费 /    2.货物整批次送FBA/FBN仓库，海外仓会产生仓储费，贴标签费 / * 非众鸫原因单票货物多次送FBA/FBN仓库，送仓费需按次收取。 / * JED（吉达）FBA FBN 另询价', NULL, NULL, NULL, NULL, '人工确认', NULL, NULL, NULL, NULL, NULL, '深圳市众鸫供应链报价单2026.4.11(1)(2)(1).xlsx', '沙特海外仓服务', 'R15', 'file', NULL, 1, 1),
    (914029, 'RULE-0022', 904001, 'ZD-20260411', 'ZD-SAU-WH-PROCESS', NULL, 'SIZE_WEIGHT', 'SOFT', '按每个商品SKU / 未能匹配的货物将被视为“无人认领”，退货已被系统扫描并归入“无人认领”批次，后续若需找回，将收取20RMB/包裹专项处理费+1RMB/PCS退货上架； / “无人认领”仅保留2天，超出时间则默认销毁;退货操作链接：https://docs.qq.com/doc/DVmVVcWhZVW9CUmx6（如果链接打不开，找客服要一下）', NULL, NULL, NULL, NULL, '加费/按规则处理', NULL, NULL, NULL, NULL, NULL, '深圳市众鸫供应链报价单2026.4.11(1)(2)(1).xlsx', '沙特海外仓服务', 'R21', 'file', NULL, 1, 1),
    (914030, 'RULE-0023', 904001, 'ZD-20260411', 'ZD-SAU-WH-PROCESS', NULL, 'INFO', 'INFO', '1、众鸫沙特海外仓，专业服务于跨境电商客户，库存管理完善，发货精准，自有开发ERP系统进行管理，员工定期进行培训，立志于从海外仓管理及人工培训、系统化杜绝问题件的产生。', NULL, NULL, NULL, NULL, '提示', NULL, NULL, NULL, NULL, NULL, '深圳市众鸫供应链报价单2026.4.11(1)(2)(1).xlsx', '沙特海外仓服务', 'R23', 'file', NULL, 1, 1),
    (914031, 'RULE-0024', 904001, 'ZD-20260411', 'ZD-SAU-WH-PROCESS', NULL, 'INFO', 'INFO', '2、众鸫供应链与沙特地区亚马逊/NOON有着深度的入仓渠道，我们可以为您通过亚马逊/NOON经理免预约绿色通道进行入仓。', NULL, NULL, NULL, NULL, '提示', NULL, NULL, NULL, NULL, NULL, '深圳市众鸫供应链报价单2026.4.11(1)(2)(1).xlsx', '沙特海外仓服务', 'R24', 'file', NULL, 1, 1),
    (914032, 'RULE-0025', 904001, 'ZD-20260411', 'ZD-SAU-WH-PROCESS', NULL, 'INFO', 'INFO', '13、以上价格为含税报价，币种：RMB。', NULL, NULL, NULL, NULL, '提示', NULL, NULL, NULL, NULL, NULL, '深圳市众鸫供应链报价单2026.4.11(1)(2)(1).xlsx', '沙特海外仓服务', 'R25', 'file', NULL, 1, 1)
ON DUPLICATE KEY UPDATE
    `rule_code` = VALUES(`rule_code`),
    `quote_version_id` = VALUES(`quote_version_id`),
    `quote_version_code` = VALUES(`quote_version_code`),
    `service_code` = VALUES(`service_code`),
    `cargo_category_code` = VALUES(`cargo_category_code`),
    `rule_type` = VALUES(`rule_type`),
    `severity` = VALUES(`severity`),
    `condition_text` = VALUES(`condition_text`),
    `structured_field` = VALUES(`structured_field`),
    `operator` = VALUES(`operator`),
    `value` = VALUES(`value`),
    `unit` = VALUES(`unit`),
    `action` = VALUES(`action`),
    `volume_divisor` = VALUES(`volume_divisor`),
    `sea_weight_ratio` = VALUES(`sea_weight_ratio`),
    `rounding_rule` = VALUES(`rounding_rule`),
    `max_length_cm` = VALUES(`max_length_cm`),
    `max_weight_kg` = VALUES(`max_weight_kg`),
    `source_file_name` = VALUES(`source_file_name`),
    `source_sheet_or_page` = VALUES(`source_sheet_or_page`),
    `source_row_or_locator` = VALUES(`source_row_or_locator`),
    `source_type` = VALUES(`source_type`),
    `remark` = VALUES(`remark`),
    `created_by` = VALUES(`created_by`),
    `updated_by` = VALUES(`updated_by`);

INSERT INTO `forwarder_warehouse_processing_fee` (
    `id`, `processing_fee_code`, `quote_version_id`, `quote_version_code`, `service_code`, `warehouse_country`, `warehouse_city`, `fee_name`, `fee_type`, `processing_scope`, `pricing_model`, `currency`, `amount`, `billing_unit`, `condition_text`, `min_charge`, `free_condition`, `target_platform`, `source_file_name`, `source_sheet_or_page`, `source_row_or_locator`, `source_type`, `remark`, `created_by`, `updated_by`
) VALUES
    (915001, 'WHF-0001', 904001, 'ZD-20260411', 'ZD-SAU-WH-PROCESS', '沙特', '利雅得/RUH', '上架费', 'INBOUND', '商品处理', 'FIXED_PER_UNIT', 'RMB', 0, NULL, '商品到货海外仓拆箱上架服务', NULL, '免费', 'FBN', '深圳市众鸫供应链报价单2026.4.11(1)(2)(1).xlsx', '沙特海外仓服务', 'R8', 'file', '免费', 1, 1),
    (915002, 'WHF-0002', 904001, 'ZD-20260411', 'ZD-SAU-WH-PROCESS', '沙特', '利雅得/RUH', '拣货费', 'FULFILLMENT', '商品处理', 'FIXED_PER_UNIT', 'RMB', 0, NULL, '海外仓库存 送FBA FBN 拣货打包(下架备货派送至私人地址等其他情况收费，收取拣货费1元/个)', NULL, '免费', 'FBN', '深圳市众鸫供应链报价单2026.4.11(1)(2)(1).xlsx', '沙特海外仓服务', 'R9', 'file', '免费', 1, 1),
    (915003, 'WHF-0003', 904001, 'ZD-20260411', 'ZD-SAU-WH-PROCESS', '沙特', '利雅得/RUH', '商品贴标费', 'LABEL', '商品处理', 'FIXED_PER_UNIT', 'RMB', 1, 'PCS', '按每个商品SKU', NULL, NULL, 'FBN', '深圳市众鸫供应链报价单2026.4.11(1)(2)(1).xlsx', '沙特海外仓服务', 'R11', 'file', '1/PCS', 1, 1),
    (915004, 'WHF-0004', 904001, 'ZD-20260411', 'ZD-SAU-WH-PROCESS', '沙特', '利雅得/RUH', '箱唛贴标费', 'LABEL', '商品处理', 'FIXED_PER_UNIT', 'RMB', 3, 'PCS', '按每箱需要贴的箱唛张数', NULL, NULL, 'FBN', '深圳市众鸫供应链报价单2026.4.11(1)(2)(1).xlsx', '沙特海外仓服务', 'R12', 'file', '3/PCS', 1, 1),
    (915005, 'WHF-0005', 904001, 'ZD-20260411', 'ZD-SAU-WH-PROCESS', '沙特', '利雅得/RUH', '确认商品（拍照）', 'CHECK', '商品处理', 'FIXED_PER_UNIT', 'RMB', 5, 'PCS', '按每个SKU、拍照进行确认商品', NULL, NULL, 'FBN', '深圳市众鸫供应链报价单2026.4.11(1)(2)(1).xlsx', '沙特海外仓服务', 'R13', 'file', '5/PCS', 1, 1),
    (915006, 'WHF-0006', 904001, 'ZD-20260411', 'ZD-SAU-WH-PROCESS', '沙特', '利雅得/RUH', '纸箱费', 'PACKAGING', '商品处理', 'FIXED_PER_UNIT', 'RMB', 10, '个', '纸箱尺寸60*40*50', NULL, NULL, 'FBN', '深圳市众鸫供应链报价单2026.4.11(1)(2)(1).xlsx', '沙特海外仓服务', 'R14', 'file', '10/个', 1, 1),
    (915007, 'WHF-0007', 904001, 'ZD-20260411', 'ZD-SAU-WH-PROCESS', '沙特', '利雅得/RUH', '盘点费', 'CHECK', '商品处理', 'FIXED_PER_UNIT', 'RMB', 0.5, 'PCS', '按每个商品SKU、盘点或清点数量', NULL, NULL, 'FBN', '深圳市众鸫供应链报价单2026.4.11(1)(2)(1).xlsx', '沙特海外仓服务', 'R16', 'file', '0.5/PCS', 1, 1),
    (915008, 'WHF-0008', 904001, 'ZD-20260411', 'ZD-SAU-WH-PROCESS', '沙特', '利雅得/RUH', '发单费', 'FULFILLMENT', '商品处理', 'FIXED_PER_UNIT', 'RMB', 6, 'PCS', 'X<1000', NULL, NULL, 'FBN', '深圳市众鸫供应链报价单2026.4.11(1)(2)(1).xlsx', '沙特海外仓服务', 'R17', 'file', '6/PCS', 1, 1),
    (915009, 'WHF-0009', 904001, 'ZD-20260411', 'ZD-SAU-WH-PROCESS', '沙特', '利雅得/RUH', '发单费', 'FULFILLMENT', '商品处理', 'FIXED_PER_UNIT', 'RMB', 5, 'PCS', '1000<X<3000', NULL, NULL, 'FBN', '深圳市众鸫供应链报价单2026.4.11(1)(2)(1).xlsx', '沙特海外仓服务', 'R18', 'file', '5/PCS', 1, 1),
    (915010, 'WHF-0010', 904001, 'ZD-20260411', 'ZD-SAU-WH-PROCESS', '沙特', '利雅得/RUH', '发单费', 'FULFILLMENT', '商品处理', 'FIXED_PER_UNIT', 'RMB', 4, 'PCS', '>3000', NULL, NULL, 'FBN', '深圳市众鸫供应链报价单2026.4.11(1)(2)(1).xlsx', '沙特海外仓服务', 'R19', 'file', '4/PCS', 1, 1),
    (915011, 'WHF-0011', 904001, 'ZD-20260411', 'ZD-SAU-WH-PROCESS', '沙特', '利雅得/RUH', '理货费', 'SORTING', '商品处理', 'FIXED_PER_UNIT', 'RMB', 1.5, 'PCS', '整理商品擦拭或二次包装', NULL, NULL, 'FBN', '深圳市众鸫供应链报价单2026.4.11(1)(2)(1).xlsx', '沙特海外仓服务', 'R20', 'file', '1.5/PCS', 1, 1),
    (915012, 'WHF-0012', 904001, 'ZD-20260411', 'ZD-SAU-WH-PROCESS', '沙特', '利雅得/RUH', '退货费', 'RETURN', '商品处理', 'FIXED_PER_UNIT', 'RMB', 1, 'PCS', '按每个商品SKU / 未能匹配的货物将被视为“无人认领”，退货已被系统扫描并归入“无人认领”批次，后续若需找回，将收取20RMB/包裹专项处理费+1RMB/PCS退货上架； / “无人认领”仅保留2天，超出时间则默认销毁;退货操作链接：https://docs.qq.com/doc/DVmVVcWhZVW9CUmx6（如果链接打不开，找客服要一下）', NULL, NULL, 'FBN', '深圳市众鸫供应链报价单2026.4.11(1)(2)(1).xlsx', '沙特海外仓服务', 'R21', 'file', '1/PCS', 1, 1)
ON DUPLICATE KEY UPDATE
    `processing_fee_code` = VALUES(`processing_fee_code`),
    `quote_version_id` = VALUES(`quote_version_id`),
    `quote_version_code` = VALUES(`quote_version_code`),
    `service_code` = VALUES(`service_code`),
    `warehouse_country` = VALUES(`warehouse_country`),
    `warehouse_city` = VALUES(`warehouse_city`),
    `fee_name` = VALUES(`fee_name`),
    `fee_type` = VALUES(`fee_type`),
    `processing_scope` = VALUES(`processing_scope`),
    `pricing_model` = VALUES(`pricing_model`),
    `currency` = VALUES(`currency`),
    `amount` = VALUES(`amount`),
    `billing_unit` = VALUES(`billing_unit`),
    `condition_text` = VALUES(`condition_text`),
    `min_charge` = VALUES(`min_charge`),
    `free_condition` = VALUES(`free_condition`),
    `target_platform` = VALUES(`target_platform`),
    `source_file_name` = VALUES(`source_file_name`),
    `source_sheet_or_page` = VALUES(`source_sheet_or_page`),
    `source_row_or_locator` = VALUES(`source_row_or_locator`),
    `source_type` = VALUES(`source_type`),
    `remark` = VALUES(`remark`),
    `created_by` = VALUES(`created_by`),
    `updated_by` = VALUES(`updated_by`);

INSERT INTO `forwarder_quote_prohibited_item` (
    `id`, `restriction_code`, `quote_version_id`, `quote_version_code`, `country`, `service_code`, `item_category`, `item_name_cn`, `item_name_en`, `severity`, `handling_action`, `source_file_name`, `source_sheet_or_page`, `source_row_or_locator`, `source_type`, `remark`, `created_by`, `updated_by`
) VALUES
    (916001, 'RES-0001', 904001, 'ZD-20260411', '沙特', NULL, '成人情趣用品', '飞机杯', '(Vacumm/Masturbation/Passion) Cup', 'PROHIBITED', '禁发', '深圳市众鸫供应链报价单2026.4.11(1)(2)(1).xlsx', '违禁品清单', 'R2', 'file', NULL, 1, 1),
    (916002, 'RES-0002', 904001, 'ZD-20260411', '沙特', NULL, '违禁品补充', '古兰经（商业数量）', NULL, 'PROHIBITED', '禁发', '深圳市众鸫供应链报价单2026.4.11(1)(2)(1).xlsx', '违禁品清单', 'R2 补充列', 'file', NULL, 1, 1),
    (916003, 'RES-0003', 904001, 'ZD-20260411', '沙特', NULL, '成人情趣用品', '自动炮机转接头', 'Adapter', 'PROHIBITED', '禁发', '深圳市众鸫供应链报价单2026.4.11(1)(2)(1).xlsx', '违禁品清单', 'R3', 'file', NULL, 1, 1),
    (916004, 'RES-0004', 904001, 'ZD-20260411', '沙特', NULL, '违禁品补充', '抬头系在国外的外国公司的空白发票', NULL, 'PROHIBITED', '禁发', '深圳市众鸫供应链报价单2026.4.11(1)(2)(1).xlsx', '违禁品清单', 'R3 补充列', 'file', NULL, 1, 1),
    (916005, 'RES-0005', 904001, 'ZD-20260411', '沙特', NULL, '成人情趣用品', '成人玩具', 'Adult Toys', 'PROHIBITED', '禁发', '深圳市众鸫供应链报价单2026.4.11(1)(2)(1).xlsx', '违禁品清单', 'R4', 'file', NULL, 1, 1),
    (916006, 'RES-0006', 904001, 'ZD-20260411', '沙特', NULL, '违禁品补充', '与香烟有关的广告品', NULL, 'PROHIBITED', '禁发', '深圳市众鸫供应链报价单2026.4.11(1)(2)(1).xlsx', '违禁品清单', 'R4 补充列', 'file', NULL, 1, 1),
    (916007, 'RES-0007', 904001, 'ZD-20260411', '沙特', NULL, '成人情趣用品', '后庭（自慰器）', 'Anal', 'PROHIBITED', '禁发', '深圳市众鸫供应链报价单2026.4.11(1)(2)(1).xlsx', '违禁品清单', 'R5', 'file', NULL, 1, 1),
    (916008, 'RES-0008', 904001, 'ZD-20260411', '沙特', NULL, '违禁品补充', '带有十字架、大卫星的任何物品', NULL, 'PROHIBITED', '禁发', '深圳市众鸫供应链报价单2026.4.11(1)(2)(1).xlsx', '违禁品清单', 'R5 补充列', 'file', NULL, 1, 1),
    (916009, 'RES-0009', 904001, 'ZD-20260411', '沙特', NULL, '成人情趣用品', '肛交玩具', 'Anal Sex Toy', 'PROHIBITED', '禁发', '深圳市众鸫供应链报价单2026.4.11(1)(2)(1).xlsx', '违禁品清单', 'R6', 'file', NULL, 1, 1),
    (916010, 'RES-0010', 904001, 'ZD-20260411', '沙特', NULL, '违禁品补充', '可用于沙特国内装填商品的、显示原产地的空包装', NULL, 'PROHIBITED', '禁发', '深圳市众鸫供应链报价单2026.4.11(1)(2)(1).xlsx', '违禁品清单', 'R6 补充列', 'file', NULL, 1, 1),
    (916011, 'RES-0011', 904001, 'ZD-20260411', '沙特', NULL, '成人情趣用品', '后庭拉珠', 'Anal beads', 'PROHIBITED', '禁发', '深圳市众鸫供应链报价单2026.4.11(1)(2)(1).xlsx', '违禁品清单', 'R7', 'file', NULL, 1, 1),
    (916012, 'RES-0012', 904001, 'ZD-20260411', '沙特', NULL, '违禁品补充', '违背伊斯兰法、社会良俗的人体模特（用于销售，商业数量）', NULL, 'PROHIBITED', '禁发', '深圳市众鸫供应链报价单2026.4.11(1)(2)(1).xlsx', '违禁品清单', 'R7 补充列', 'file', NULL, 1, 1),
    (916013, 'RES-0013', 904001, 'ZD-20260411', '沙特', NULL, '成人情趣用品', '后庭栓', 'Anal Plug', 'PROHIBITED', '禁发', '深圳市众鸫供应链报价单2026.4.11(1)(2)(1).xlsx', '违禁品清单', 'R8', 'file', NULL, 1, 1),
    (916014, 'RES-0014', 904001, 'ZD-20260411', '沙特', NULL, '违禁品补充', '可用于各种赌博的工具、设备和机器', NULL, 'PROHIBITED', '禁发', '深圳市众鸫供应链报价单2026.4.11(1)(2)(1).xlsx', '违禁品清单', 'R8 补充列', 'file', NULL, 1, 1),
    (916015, 'RES-0015', 904001, 'ZD-20260411', '沙特', NULL, '成人情趣用品', '人造阳具/乳房/阴户/肛门', 'Artificial Penis/Breast/Pussy/Anus', 'PROHIBITED', '禁发', '深圳市众鸫供应链报价单2026.4.11(1)(2)(1).xlsx', '违禁品清单', 'R9', 'file', NULL, 1, 1),
    (916016, 'RES-0016', 904001, 'ZD-20260411', '沙特', NULL, '违禁品补充', '旧的或再生轮胎', NULL, 'PROHIBITED', '禁发', '深圳市众鸫供应链报价单2026.4.11(1)(2)(1).xlsx', '违禁品清单', 'R9 补充列', 'file', NULL, 1, 1),
    (916017, 'RES-0017', 904001, 'ZD-20260411', '沙特', NULL, '成人情趣用品', '缩阴球', 'Ball', 'PROHIBITED', '禁发', '深圳市众鸫供应链报价单2026.4.11(1)(2)(1).xlsx', '违禁品清单', 'R10', 'file', NULL, 1, 1),
    (916018, 'RES-0018', 904001, 'ZD-20260411', '沙特', NULL, '违禁品补充', '圣诞树', NULL, 'PROHIBITED', '禁发', '深圳市众鸫供应链报价单2026.4.11(1)(2)(1).xlsx', '违禁品清单', 'R10 补充列', 'file', NULL, 1, 1),
    (916019, 'RES-0019', 904001, 'ZD-20260411', '沙特', NULL, '成人情趣用品', '捆绑带（SM用品）', 'Band', 'PROHIBITED', '禁发', '深圳市众鸫供应链报价单2026.4.11(1)(2)(1).xlsx', '违禁品清单', 'R11', 'file', NULL, 1, 1),
    (916020, 'RES-0020', 904001, 'ZD-20260411', '沙特', NULL, '违禁品补充', '武器及其配件、各种军用设备', NULL, 'PROHIBITED', '禁发', '深圳市众鸫供应链报价单2026.4.11(1)(2)(1).xlsx', '违禁品清单', 'R11 补充列', 'file', NULL, 1, 1),
    (916021, 'RES-0021', 904001, 'ZD-20260411', '沙特', NULL, '成人情趣用品', '肛阴清洗器', 'Bidget', 'PROHIBITED', '禁发', '深圳市众鸫供应链报价单2026.4.11(1)(2)(1).xlsx', '违禁品清单', 'R12', 'file', NULL, 1, 1),
    (916022, 'RES-0022', 904001, 'ZD-20260411', '沙特', NULL, '违禁品补充', '夜视望眼镜、夜视照相机及可以安装到武器上的远视装置', NULL, 'PROHIBITED', '禁发', '深圳市众鸫供应链报价单2026.4.11(1)(2)(1).xlsx', '违禁品清单', 'R12 补充列', 'file', NULL, 1, 1),
    (916023, 'RES-0023', 904001, 'ZD-20260411', '沙特', NULL, '成人情趣用品', '绑带（SM用品）', 'Bondage', 'PROHIBITED', '禁发', '深圳市众鸫供应链报价单2026.4.11(1)(2)(1).xlsx', '违禁品清单', 'R13', 'file', NULL, 1, 1),
    (916024, 'RES-0024', 904001, 'ZD-20260411', '沙特', NULL, '违禁品补充', '带沙特国徽的商品', NULL, 'PROHIBITED', '禁发', '深圳市众鸫供应链报价单2026.4.11(1)(2)(1).xlsx', '违禁品清单', 'R13 补充列', 'file', NULL, 1, 1),
    (916025, 'RES-0025', 904001, 'ZD-20260411', '沙特', NULL, '成人情趣用品', '男用情趣内裤', 'Boxer', 'PROHIBITED', '禁发', '深圳市众鸫供应链报价单2026.4.11(1)(2)(1).xlsx', '违禁品清单', 'R14', 'file', NULL, 1, 1),
    (916026, 'RES-0026', 904001, 'ZD-20260411', '沙特', NULL, '违禁品补充', '带透视功能的照相机', NULL, 'PROHIBITED', '禁发', '深圳市众鸫供应链报价单2026.4.11(1)(2)(1).xlsx', '违禁品清单', 'R14 补充列', 'file', NULL, 1, 1),
    (916027, 'RES-0027', 904001, 'ZD-20260411', '沙特', NULL, '成人情趣用品', '气囊', 'Bulb', 'PROHIBITED', '禁发', '深圳市众鸫供应链报价单2026.4.11(1)(2)(1).xlsx', '违禁品清单', 'R15', 'file', NULL, 1, 1),
    (916028, 'RES-0028', 904001, 'ZD-20260411', '沙特', NULL, '违禁品补充', '展示方式违背社会良俗的按摩装置/用品', NULL, 'PROHIBITED', '禁发', '深圳市众鸫供应链报价单2026.4.11(1)(2)(1).xlsx', '违禁品清单', 'R15 补充列', 'file', NULL, 1, 1),
    (916029, 'RES-0029', 904001, 'ZD-20260411', '沙特', NULL, '成人情趣用品', '子弹按摩棒', 'Bullet', 'PROHIBITED', '禁发', '深圳市众鸫供应链报价单2026.4.11(1)(2)(1).xlsx', '违禁品清单', 'R16', 'file', NULL, 1, 1),
    (916030, 'RES-0030', 904001, 'ZD-20260411', '沙特', NULL, '违禁品补充', '轴幅小于50厘米，带动力装置（不管内燃或电池）且时速超过10公里的童车', NULL, 'PROHIBITED', '禁发', '深圳市众鸫供应链报价单2026.4.11(1)(2)(1).xlsx', '违禁品清单', 'R16 补充列', 'file', NULL, 1, 1),
    (916031, 'RES-0031', 904001, 'ZD-20260411', '沙特', NULL, '成人情趣用品', '后庭球', 'Butt Ball', 'PROHIBITED', '禁发', '深圳市众鸫供应链报价单2026.4.11(1)(2)(1).xlsx', '违禁品清单', 'R17', 'file', NULL, 1, 1),
    (916032, 'RES-0032', 904001, 'ZD-20260411', '沙特', NULL, '违禁品补充', '用于房门或车门的开锁装置', NULL, 'PROHIBITED', '禁发', '深圳市众鸫供应链报价单2026.4.11(1)(2)(1).xlsx', '违禁品清单', 'R17 补充列', 'file', NULL, 1, 1),
    (916033, 'RES-0033', 904001, 'ZD-20260411', '沙特', NULL, '成人情趣用品', '蜡烛模具（SM用品）', 'Candle Mould', 'PROHIBITED', '禁发', '深圳市众鸫供应链报价单2026.4.11(1)(2)(1).xlsx', '违禁品清单', 'R18', 'file', NULL, 1, 1),
    (916034, 'RES-0034', 904001, 'ZD-20260411', '沙特', NULL, '违禁品补充', '喇叭', NULL, 'PROHIBITED', '禁发', '深圳市众鸫供应链报价单2026.4.11(1)(2)(1).xlsx', '违禁品清单', 'R18 补充列', 'file', NULL, 1, 1),
    (916035, 'RES-0035', 904001, 'ZD-20260411', '沙特', NULL, '成人情趣用品', '避孕套', 'Candoms', 'PROHIBITED', '禁发', '深圳市众鸫供应链报价单2026.4.11(1)(2)(1).xlsx', '违禁品清单', 'R19', 'file', NULL, 1, 1),
    (916036, 'RES-0036', 904001, 'ZD-20260411', '沙特', NULL, '违禁品补充', '伪装面具', NULL, 'PROHIBITED', '禁发', '深圳市众鸫供应链报价单2026.4.11(1)(2)(1).xlsx', '违禁品清单', 'R19 补充列', 'file', NULL, 1, 1),
    (916037, 'RES-0037', 904001, 'ZD-20260411', '沙特', NULL, '成人情趣用品', '阴蒂刺激器', 'Clitoral Stimulator', 'PROHIBITED', '禁发', '深圳市众鸫供应链报价单2026.4.11(1)(2)(1).xlsx', '违禁品清单', 'R20', 'file', NULL, 1, 1),
    (916038, 'RES-0038', 904001, 'ZD-20260411', '沙特', NULL, '违禁品补充', '有食品或水泥成分及商标的空袋子', NULL, 'PROHIBITED', '禁发', '深圳市众鸫供应链报价单2026.4.11(1)(2)(1).xlsx', '违禁品清单', 'R20 补充列', 'file', NULL, 1, 1),
    (916039, 'RES-0039', 904001, 'ZD-20260411', '沙特', NULL, '成人情趣用品', '人造阳具', 'Cock', 'PROHIBITED', '禁发', '深圳市众鸫供应链报价单2026.4.11(1)(2)(1).xlsx', '违禁品清单', 'R21', 'file', NULL, 1, 1),
    (916040, 'RES-0040', 904001, 'ZD-20260411', '沙特', NULL, '违禁品补充', '透明的妇女头巾', NULL, 'PROHIBITED', '禁发', '深圳市众鸫供应链报价单2026.4.11(1)(2)(1).xlsx', '违禁品清单', 'R21 补充列', 'file', NULL, 1, 1),
    (916041, 'RES-0041', 904001, 'ZD-20260411', '沙特', NULL, '成人情趣用品', '阳具环', 'Cock Ring', 'PROHIBITED', '禁发', '深圳市众鸫供应链报价单2026.4.11(1)(2)(1).xlsx', '违禁品清单', 'R22', 'file', NULL, 1, 1),
    (916042, 'RES-0042', 904001, 'ZD-20260411', '沙特', NULL, '违禁品补充', '双刃或带柄，带有攻击性的刀具', NULL, 'PROHIBITED', '禁发', '深圳市众鸫供应链报价单2026.4.11(1)(2)(1).xlsx', '违禁品清单', 'R22 补充列', 'file', NULL, 1, 1),
    (916043, 'RES-0043', 904001, 'ZD-20260411', '沙特', NULL, '成人情趣用品', '角色扮演', 'Cosplay', 'PROHIBITED', '禁发', '深圳市众鸫供应链报价单2026.4.11(1)(2)(1).xlsx', '违禁品清单', 'R23', 'file', NULL, 1, 1),
    (916044, 'RES-0044', 904001, 'ZD-20260411', '沙特', NULL, '违禁品补充', '发出假笑声的任何娱乐用品', NULL, 'PROHIBITED', '禁发', '深圳市众鸫供应链报价单2026.4.11(1)(2)(1).xlsx', '违禁品清单', 'R23 补充列', 'file', NULL, 1, 1),
    (916045, 'RES-0045', 904001, 'ZD-20260411', '沙特', NULL, '成人情趣用品', '人造阳具', 'Dildos', 'PROHIBITED', '禁发', '深圳市众鸫供应链报价单2026.4.11(1)(2)(1).xlsx', '违禁品清单', 'R24', 'file', NULL, 1, 1),
    (916046, 'RES-0046', 904001, 'ZD-20260411', '沙特', NULL, '违禁品补充', '针筒式钢笔', NULL, 'PROHIBITED', '禁发', '深圳市众鸫供应链报价单2026.4.11(1)(2)(1).xlsx', '违禁品清单', 'R24 补充列', 'file', NULL, 1, 1),
    (916047, 'RES-0047', 904001, 'ZD-20260411', '沙特', NULL, '成人情趣用品', '情趣内衣', 'Erotic Underwear', 'PROHIBITED', '禁发', '深圳市众鸫供应链报价单2026.4.11(1)(2)(1).xlsx', '违禁品清单', 'R25', 'file', NULL, 1, 1),
    (916048, 'RES-0048', 904001, 'ZD-20260411', '沙特', NULL, '违禁品补充', '明显载有外国国旗的商品', NULL, 'PROHIBITED', '禁发', '深圳市众鸫供应链报价单2026.4.11(1)(2)(1).xlsx', '违禁品清单', 'R25 补充列', 'file', NULL, 1, 1),
    (916049, 'RES-0049', 904001, 'ZD-20260411', '沙特', NULL, '成人情趣用品', '增大器', 'Enlarger', 'PROHIBITED', '禁发', '深圳市众鸫供应链报价单2026.4.11(1)(2)(1).xlsx', '违禁品清单', 'R26', 'file', NULL, 1, 1),
    (916050, 'RES-0050', 904001, 'ZD-20260411', '沙特', NULL, '违禁品补充', '有名人姓名或照片的商品', NULL, 'PROHIBITED', '禁发', '深圳市众鸫供应链报价单2026.4.11(1)(2)(1).xlsx', '违禁品清单', 'R26 补充列', 'file', NULL, 1, 1),
    (916051, 'RES-0051', 904001, 'ZD-20260411', '沙特', NULL, '成人情趣用品', '手指按摩器', 'Finger', 'PROHIBITED', '禁发', '深圳市众鸫供应链报价单2026.4.11(1)(2)(1).xlsx', '违禁品清单', 'R27', 'file', NULL, 1, 1),
    (916052, 'RES-0052', 904001, 'ZD-20260411', '沙特', NULL, '违禁品补充', '野生动物毛皮', NULL, 'PROHIBITED', '禁发', '深圳市众鸫供应链报价单2026.4.11(1)(2)(1).xlsx', '违禁品清单', 'R27 补充列', 'file', NULL, 1, 1),
    (916053, 'RES-0053', 904001, 'ZD-20260411', '沙特', NULL, '成人情趣用品', '狐尾后庭栓（SM用品）', 'Fox tail plug', 'PROHIBITED', '禁发', '深圳市众鸫供应链报价单2026.4.11(1)(2)(1).xlsx', '违禁品清单', 'R28', 'file', NULL, 1, 1),
    (916054, 'RES-0054', 904001, 'ZD-20260411', '沙特', NULL, '违禁品补充', '无线图像传输设备（无线监控探头，IP照相机、视频信号放大器）', NULL, 'PROHIBITED', '禁发', '深圳市众鸫供应链报价单2026.4.11(1)(2)(1).xlsx', '违禁品清单', 'R28 补充列', 'file', NULL, 1, 1),
    (916055, 'RES-0055', 904001, 'ZD-20260411', '沙特', NULL, '成人情趣用品', '女用情趣裤', 'Frequency Underwear', 'PROHIBITED', '禁发', '深圳市众鸫供应链报价单2026.4.11(1)(2)(1).xlsx', '违禁品清单', 'R29', 'file', NULL, 1, 1),
    (916056, 'RES-0056', 904001, 'ZD-20260411', '沙特', NULL, '违禁品补充', '视频电话', NULL, 'PROHIBITED', '禁发', '深圳市众鸫供应链报价单2026.4.11(1)(2)(1).xlsx', '违禁品清单', 'R29 补充列', 'file', NULL, 1, 1),
    (916057, 'RES-0057', 904001, 'ZD-20260411', '沙特', NULL, '成人情趣用品', 'G点按摩器/震动棒/手套', 'G-Spot Massager/Vibrator/Glove', 'PROHIBITED', '禁发', '深圳市众鸫供应链报价单2026.4.11(1)(2)(1).xlsx', '违禁品清单', 'R30', 'file', NULL, 1, 1),
    (916058, 'RES-0058', 904001, 'ZD-20260411', '沙特', NULL, '违禁品补充', '带有无线电、磁带录音机和警报装置的手提箱', NULL, 'PROHIBITED', '禁发', '深圳市众鸫供应链报价单2026.4.11(1)(2)(1).xlsx', '违禁品清单', 'R30 补充列', 'file', NULL, 1, 1),
    (916059, 'RES-0059', 904001, 'ZD-20260411', '沙特', NULL, '成人情趣用品', '丁字裤', 'G-String', 'PROHIBITED', '禁发', '深圳市众鸫供应链报价单2026.4.11(1)(2)(1).xlsx', '违禁品清单', 'R31', 'file', NULL, 1, 1),
    (916060, 'RES-0060', 904001, 'ZD-20260411', '沙特', NULL, '违禁品补充', '音乐贺卡', NULL, 'PROHIBITED', '禁发', '深圳市众鸫供应链报价单2026.4.11(1)(2)(1).xlsx', '违禁品清单', 'R31 补充列', 'file', NULL, 1, 1),
    (916061, 'RES-0061', 904001, 'ZD-20260411', '沙特', NULL, '成人情趣用品', '手铐（SM用品）', 'Handcuff', 'PROHIBITED', '禁发', '深圳市众鸫供应链报价单2026.4.11(1)(2)(1).xlsx', '违禁品清单', 'R32', 'file', NULL, 1, 1),
    (916062, 'RES-0062', 904001, 'ZD-20260411', '沙特', NULL, '违禁品补充', '司机瞌睡提醒器', NULL, 'PROHIBITED', '禁发', '深圳市众鸫供应链报价单2026.4.11(1)(2)(1).xlsx', '违禁品清单', 'R32 补充列', 'file', NULL, 1, 1),
    (916063, 'RES-0063', 904001, 'ZD-20260411', '沙特', NULL, '成人情趣用品', '充气娃娃', 'Inflatable Doll', 'PROHIBITED', '禁发', '深圳市众鸫供应链报价单2026.4.11(1)(2)(1).xlsx', '违禁品清单', 'R33', 'file', NULL, 1, 1),
    (916064, 'RES-0064', 904001, 'ZD-20260411', '沙特', NULL, '违禁品补充', '带鹰的徽章', NULL, 'PROHIBITED', '禁发', '深圳市众鸫供应链报价单2026.4.11(1)(2)(1).xlsx', '违禁品清单', 'R33 补充列', 'file', NULL, 1, 1),
    (916065, 'RES-0065', 904001, 'ZD-20260411', '沙特', NULL, '成人情趣用品', '钥匙链震动器', 'Keychain Vibration', 'PROHIBITED', '禁发', '深圳市众鸫供应链报价单2026.4.11(1)(2)(1).xlsx', '违禁品清单', 'R34', 'file', NULL, 1, 1),
    (916066, 'RES-0066', 904001, 'ZD-20260411', '沙特', NULL, '违禁品补充', '变声装置', NULL, 'PROHIBITED', '禁发', '深圳市众鸫供应链报价单2026.4.11(1)(2)(1).xlsx', '违禁品清单', 'R34 补充列', 'file', NULL, 1, 1),
    (916067, 'RES-0067', 904001, 'ZD-20260411', '沙特', NULL, '成人情趣用品', '真人充气娃娃', 'Lifelike Sex Doll', 'PROHIBITED', '禁发', '深圳市众鸫供应链报价单2026.4.11(1)(2)(1).xlsx', '违禁品清单', 'R35', 'file', NULL, 1, 1),
    (916068, 'RES-0068', 904001, 'ZD-20260411', '沙特', NULL, '违禁品补充', '偏光镜', NULL, 'PROHIBITED', '禁发', '深圳市众鸫供应链报价单2026.4.11(1)(2)(1).xlsx', '违禁品清单', 'R35 补充列', 'file', NULL, 1, 1),
    (916069, 'RES-0069', 904001, 'ZD-20260411', '沙特', NULL, '成人情趣用品', '锁（SM用品）', 'Lock', 'PROHIBITED', '禁发', '深圳市众鸫供应链报价单2026.4.11(1)(2)(1).xlsx', '违禁品清单', 'R36', 'file', NULL, 1, 1),
    (916070, 'RES-0070', 904001, 'ZD-20260411', '沙特', NULL, '违禁品补充', '发光鞋（有水银的）', NULL, 'PROHIBITED', '禁发', '深圳市众鸫供应链报价单2026.4.11(1)(2)(1).xlsx', '违禁品清单', 'R36 补充列', 'file', NULL, 1, 1),
    (916071, 'RES-0071', 904001, 'ZD-20260411', '沙特', NULL, '成人情趣用品', '润滑剂', 'Lubricants', 'PROHIBITED', '禁发', '深圳市众鸫供应链报价单2026.4.11(1)(2)(1).xlsx', '违禁品清单', 'R37', 'file', NULL, 1, 1),
    (916072, 'RES-0072', 904001, 'ZD-20260411', '沙特', NULL, '违禁品补充', '电子壁龛', NULL, 'PROHIBITED', '禁发', '深圳市众鸫供应链报价单2026.4.11(1)(2)(1).xlsx', '违禁品清单', 'R37 补充列', 'file', NULL, 1, 1),
    (916073, 'RES-0073', 904001, 'ZD-20260411', '沙特', NULL, '成人情趣用品', '按摩器', 'Massager', 'PROHIBITED', '禁发', '深圳市众鸫供应链报价单2026.4.11(1)(2)(1).xlsx', '违禁品清单', 'R38', 'file', NULL, 1, 1),
    (916074, 'RES-0074', 904001, 'ZD-20260411', '沙特', NULL, '违禁品补充', '天房模型', NULL, 'PROHIBITED', '禁发', '深圳市众鸫供应链报价单2026.4.11(1)(2)(1).xlsx', '违禁品清单', 'R38 补充列', 'file', NULL, 1, 1),
    (916075, 'RES-0075', 904001, 'ZD-20260411', '沙特', NULL, '成人情趣用品', '按摩棒', 'Massager Stick', 'PROHIBITED', '禁发', '深圳市众鸫供应链报价单2026.4.11(1)(2)(1).xlsx', '违禁品清单', 'R39', 'file', NULL, 1, 1),
    (916076, 'RES-0076', 904001, 'ZD-20260411', '沙特', NULL, '违禁品补充', '旧报纸', NULL, 'PROHIBITED', '禁发', '深圳市众鸫供应链报价单2026.4.11(1)(2)(1).xlsx', '违禁品清单', 'R39 补充列', 'file', NULL, 1, 1),
    (916077, 'RES-0077', 904001, 'ZD-20260411', '沙特', NULL, '成人情趣用品', '男用健慰器', 'Masturbator', 'PROHIBITED', '禁发', '深圳市众鸫供应链报价单2026.4.11(1)(2)(1).xlsx', '违禁品清单', 'R40', 'file', NULL, 1, 1),
    (916078, 'RES-0078', 904001, 'ZD-20260411', '沙特', NULL, '违禁品补充', '古董枪', NULL, 'PROHIBITED', '禁发', '深圳市众鸫供应链报价单2026.4.11(1)(2)(1).xlsx', '违禁品清单', 'R40 补充列', 'file', NULL, 1, 1),
    (916079, 'RES-0079', 904001, 'ZD-20260411', '沙特', NULL, '成人情趣用品', '乳头夹', 'Nipple Clamps', 'PROHIBITED', '禁发', '深圳市众鸫供应链报价单2026.4.11(1)(2)(1).xlsx', '违禁品清单', 'R41', 'file', NULL, 1, 1),
    (916080, 'RES-0080', 904001, 'ZD-20260411', '沙特', NULL, '违禁品补充', '激光笔', NULL, 'PROHIBITED', '禁发', '深圳市众鸫供应链报价单2026.4.11(1)(2)(1).xlsx', '违禁品清单', 'R41 补充列', 'file', NULL, 1, 1),
    (916081, 'RES-0081', 904001, 'ZD-20260411', '沙特', NULL, '成人情趣用品', '吮乳头器', 'Nipple Sucker', 'PROHIBITED', '禁发', '深圳市众鸫供应链报价单2026.4.11(1)(2)(1).xlsx', '违禁品清单', 'R42', 'file', NULL, 1, 1),
    (916082, 'RES-0082', 904001, 'ZD-20260411', '沙特', NULL, '违禁品补充', '警用雷达测速器', NULL, 'PROHIBITED', '禁发', '深圳市众鸫供应链报价单2026.4.11(1)(2)(1).xlsx', '违禁品清单', 'R42 补充列', 'file', NULL, 1, 1),
    (916083, 'RES-0083', 904001, 'ZD-20260411', '沙特', NULL, '成人情趣用品', '潮吹按摩器', 'Orgasm squirt massger', 'PROHIBITED', '禁发', '深圳市众鸫供应链报价单2026.4.11(1)(2)(1).xlsx', '违禁品清单', 'R43', 'file', NULL, 1, 1),
    (916084, 'RES-0084', 904001, 'ZD-20260411', '沙特', NULL, '违禁品补充', '电子可兰经', NULL, 'PROHIBITED', '禁发', '深圳市众鸫供应链报价单2026.4.11(1)(2)(1).xlsx', '违禁品清单', 'R43 补充列', 'file', NULL, 1, 1),
    (916085, 'RES-0085', 904001, 'ZD-20260411', '沙特', NULL, '成人情趣用品', '锁阳环', 'Penis ring', 'PROHIBITED', '禁发', '深圳市众鸫供应链报价单2026.4.11(1)(2)(1).xlsx', '违禁品清单', 'R44', 'file', NULL, 1, 1),
    (916086, 'RES-0086', 904001, 'ZD-20260411', '沙特', NULL, '违禁品补充', '像枪一样的玩具、打火机', NULL, 'PROHIBITED', '禁发', '深圳市众鸫供应链报价单2026.4.11(1)(2)(1).xlsx', '违禁品清单', 'R44 补充列', 'file', NULL, 1, 1),
    (916087, 'RES-0087', 904001, 'ZD-20260411', '沙特', NULL, '成人情趣用品', '阳具套', 'Penis Sleeve', 'PROHIBITED', '禁发', '深圳市众鸫供应链报价单2026.4.11(1)(2)(1).xlsx', '违禁品清单', 'R45', 'file', NULL, 1, 1),
    (916088, 'RES-0088', 904001, 'ZD-20260411', '沙特', NULL, '违禁品补充', '原产地为以色列的任何商品', NULL, 'PROHIBITED', '禁发', '深圳市众鸫供应链报价单2026.4.11(1)(2)(1).xlsx', '违禁品清单', 'R45 补充列', 'file', NULL, 1, 1),
    (916089, 'RES-0089', 904001, 'ZD-20260411', '沙特', NULL, '成人情趣用品', '前列腺按摩器', 'Prostate Massager', 'PROHIBITED', '禁发', '深圳市众鸫供应链报价单2026.4.11(1)(2)(1).xlsx', '违禁品清单', 'R46', 'file', NULL, 1, 1),
    (916090, 'RES-0090', 904001, 'ZD-20260411', '沙特', NULL, '违禁品补充', '能发出警笛或动物叫声的任何装置', NULL, 'PROHIBITED', '禁发', '深圳市众鸫供应链报价单2026.4.11(1)(2)(1).xlsx', '违禁品清单', 'R46 补充列', 'file', NULL, 1, 1),
    (916091, 'RES-0091', 904001, 'ZD-20260411', '沙特', NULL, '成人情趣用品', '泵式按摩器', 'Pump', 'PROHIBITED', '禁发', '深圳市众鸫供应链报价单2026.4.11(1)(2)(1).xlsx', '违禁品清单', 'R47', 'file', NULL, 1, 1),
    (916092, 'RES-0092', 904001, 'ZD-20260411', '沙特', NULL, '违禁品补充', '用于装饰的鸟（含标本）', NULL, 'PROHIBITED', '禁发', '深圳市众鸫供应链报价单2026.4.11(1)(2)(1).xlsx', '违禁品清单', 'R47 补充列', 'file', NULL, 1, 1),
    (916093, 'RES-0093', 904001, 'ZD-20260411', '沙特', NULL, '成人情趣用品', '约束带（SM用品）', 'Restraint Cuff', 'PROHIBITED', '禁发', '深圳市众鸫供应链报价单2026.4.11(1)(2)(1).xlsx', '违禁品清单', 'R48', 'file', NULL, 1, 1),
    (916094, 'RES-0094', 904001, 'ZD-20260411', '沙特', NULL, '违禁品补充', '用于装饰的鱼（含标本）', NULL, 'PROHIBITED', '禁发', '深圳市众鸫供应链报价单2026.4.11(1)(2)(1).xlsx', '违禁品清单', 'R48 补充列', 'file', NULL, 1, 1),
    (916095, 'RES-0095', 904001, 'ZD-20260411', '沙特', NULL, '成人情趣用品', '欲兔女用自慰器', 'Rubbits', 'PROHIBITED', '禁发', '深圳市众鸫供应链报价单2026.4.11(1)(2)(1).xlsx', '违禁品清单', 'R49', 'file', NULL, 1, 1),
    (916096, 'RES-0096', 904001, 'ZD-20260411', '沙特', NULL, '违禁品补充', '饲料添加剂', NULL, 'PROHIBITED', '禁发', '深圳市众鸫供应链报价单2026.4.11(1)(2)(1).xlsx', '违禁品清单', 'R49 补充列', 'file', NULL, 1, 1),
    (916097, 'RES-0097', 904001, 'ZD-20260411', '沙特', NULL, '成人情趣用品', '性爱娃娃', 'Sex Doll', 'PROHIBITED', '禁发', '深圳市众鸫供应链报价单2026.4.11(1)(2)(1).xlsx', '违禁品清单', 'R50', 'file', NULL, 1, 1),
    (916098, 'RES-0098', 904001, 'ZD-20260411', '沙特', NULL, '违禁品补充', '未加工的动物皮毛', NULL, 'PROHIBITED', '禁发', '深圳市众鸫供应链报价单2026.4.11(1)(2)(1).xlsx', '违禁品清单', 'R50 补充列', 'file', NULL, 1, 1),
    (916099, 'RES-0099', 904001, 'ZD-20260411', '沙特', NULL, '成人情趣用品', '自动炮机', 'Sex Machine', 'PROHIBITED', '禁发', '深圳市众鸫供应链报价单2026.4.11(1)(2)(1).xlsx', '违禁品清单', 'R51', 'file', NULL, 1, 1),
    (916100, 'RES-0100', 904001, 'ZD-20260411', '沙特', NULL, '违禁品补充', '出版物（无论纸质还是音像、电子出版物）', NULL, 'PROHIBITED', '禁发', '深圳市众鸫供应链报价单2026.4.11(1)(2)(1).xlsx', '违禁品清单', 'R51 补充列', 'file', NULL, 1, 1),
    (916101, 'RES-0101', 904001, 'ZD-20260411', '沙特', NULL, '成人情趣用品', '性玩具', 'Sex Toy', 'PROHIBITED', '禁发', '深圳市众鸫供应链报价单2026.4.11(1)(2)(1).xlsx', '违禁品清单', 'R52', 'file', NULL, 1, 1),
    (916102, 'RES-0102', 904001, 'ZD-20260411', '沙特', NULL, '违禁品补充', '旧衣服', NULL, 'PROHIBITED', '禁发', '深圳市众鸫供应链报价单2026.4.11(1)(2)(1).xlsx', '违禁品清单', 'R52 补充列', 'file', NULL, 1, 1),
    (916103, 'RES-0103', 904001, 'ZD-20260411', '沙特', NULL, '成人情趣用品', '硅胶（一般涉及人造器官）', 'Silicone', 'PROHIBITED', '禁发', '深圳市众鸫供应链报价单2026.4.11(1)(2)(1).xlsx', '违禁品清单', 'R53', 'file', NULL, 1, 1),
    (916104, 'RES-0104', 904001, 'ZD-20260411', '沙特', NULL, '违禁品补充', '蒸馏设备', NULL, 'PROHIBITED', '禁发', '深圳市众鸫供应链报价单2026.4.11(1)(2)(1).xlsx', '违禁品清单', 'R53 补充列', 'file', NULL, 1, 1),
    (916105, 'RES-0105', 904001, 'ZD-20260411', '沙特', NULL, '成人情趣用品', '虐恋', 'SM', 'PROHIBITED', '禁发', '深圳市众鸫供应链报价单2026.4.11(1)(2)(1).xlsx', '违禁品清单', 'R54', 'file', NULL, 1, 1),
    (916106, 'RES-0106', 904001, 'ZD-20260411', '沙特', NULL, '违禁品补充', '需认证的电气设备', NULL, 'PROHIBITED', '禁发', '深圳市众鸫供应链报价单2026.4.11(1)(2)(1).xlsx', '违禁品清单', 'R54 补充列', 'file', NULL, 1, 1),
    (916107, 'RES-0107', 904001, 'ZD-20260411', '沙特', NULL, '成人情趣用品', '钉子玩具', 'Spike Toy', 'PROHIBITED', '禁发', '深圳市众鸫供应链报价单2026.4.11(1)(2)(1).xlsx', '违禁品清单', 'R55', 'file', NULL, 1, 1),
    (916108, 'RES-0108', 904001, 'ZD-20260411', '沙特', NULL, '违禁品补充', '各种无线通讯设备', NULL, 'PROHIBITED', '禁发', '深圳市众鸫供应链报价单2026.4.11(1)(2)(1).xlsx', '违禁品清单', 'R55 补充列', 'file', NULL, 1, 1),
    (916109, 'RES-0109', 904001, 'ZD-20260411', '沙特', NULL, '成人情趣用品', '皮鞭（SM用品）', 'Thong', 'PROHIBITED', '禁发', '深圳市众鸫供应链报价单2026.4.11(1)(2)(1).xlsx', '违禁品清单', 'R56', 'file', NULL, 1, 1),
    (916110, 'RES-0110', 904001, 'ZD-20260411', '沙特', NULL, '违禁品补充', '军装、军衔标志', NULL, 'PROHIBITED', '禁发', '深圳市众鸫供应链报价单2026.4.11(1)(2)(1).xlsx', '违禁品清单', 'R56 补充列', 'file', NULL, 1, 1),
    (916111, 'RES-0111', 904001, 'ZD-20260411', '沙特', NULL, '成人情趣用品', '舔阴器', 'Tongue', 'PROHIBITED', '禁发', '深圳市众鸫供应链报价单2026.4.11(1)(2)(1).xlsx', '违禁品清单', 'R57', 'file', NULL, 1, 1),
    (916112, 'RES-0112', 904001, 'ZD-20260411', '沙特', NULL, '违禁品补充', '金银、珠宝检测装置', NULL, 'PROHIBITED', '禁发', '深圳市众鸫供应链报价单2026.4.11(1)(2)(1).xlsx', '违禁品清单', 'R57 补充列', 'file', NULL, 1, 1),
    (916113, 'RES-0113', 904001, 'ZD-20260411', '沙特', NULL, '成人情趣用品', '跳弹', 'Vibrating Egg', 'PROHIBITED', '禁发', '深圳市众鸫供应链报价单2026.4.11(1)(2)(1).xlsx', '违禁品清单', 'R58', 'file', NULL, 1, 1),
    (916114, 'RES-0114', 904001, 'ZD-20260411', '沙特', NULL, '违禁品补充', '验钞机、验币机', NULL, 'PROHIBITED', '禁发', '深圳市众鸫供应链报价单2026.4.11(1)(2)(1).xlsx', '违禁品清单', 'R58 补充列', 'file', NULL, 1, 1),
    (916115, 'RES-0115', 904001, 'ZD-20260411', '沙特', NULL, '成人情趣用品', '震动棒', 'Vibrator', 'PROHIBITED', '禁发', '深圳市众鸫供应链报价单2026.4.11(1)(2)(1).xlsx', '违禁品清单', 'R59', 'file', NULL, 1, 1),
    (916116, 'RES-0116', 904001, 'ZD-20260411', '沙特', NULL, '违禁品补充', '塑料交通标志', NULL, 'PROHIBITED', '禁发', '深圳市众鸫供应链报价单2026.4.11(1)(2)(1).xlsx', '违禁品清单', 'R59 补充列', 'file', NULL, 1, 1),
    (916117, 'RES-0117', 904001, 'ZD-20260411', '沙特', NULL, '成人情趣用品', '按摩棒', 'Wand Massager', 'PROHIBITED', '禁发', '深圳市众鸫供应链报价单2026.4.11(1)(2)(1).xlsx', '违禁品清单', 'R60', 'file', NULL, 1, 1),
    (916118, 'RES-0118', 904001, 'ZD-20260411', '沙特', NULL, '违禁品补充', '灭火器、火警预报装置', NULL, 'PROHIBITED', '禁发', '深圳市众鸫供应链报价单2026.4.11(1)(2)(1).xlsx', '违禁品清单', 'R60 补充列', 'file', NULL, 1, 1),
    (916119, 'RES-0119', 904001, 'ZD-20260411', '沙特', NULL, '数码穿戴设备', '增强现实/混合现实眼镜', 'AR/MR Glasses', 'PROHIBITED', '禁发', '深圳市众鸫供应链报价单2026.4.11(1)(2)(1).xlsx', '违禁品清单', 'R61', 'file', NULL, 1, 1),
    (916120, 'RES-0120', 904001, 'ZD-20260411', '沙特', NULL, '违禁品补充', '信件处理设备', NULL, 'PROHIBITED', '禁发', '深圳市众鸫供应链报价单2026.4.11(1)(2)(1).xlsx', '违禁品清单', 'R61 补充列', 'file', NULL, 1, 1),
    (916121, 'RES-0121', 904001, 'ZD-20260411', '沙特', NULL, '数码穿戴设备', '拍照眼镜', 'Camera Glasses', 'PROHIBITED', '禁发', '深圳市众鸫供应链报价单2026.4.11(1)(2)(1).xlsx', '违禁品清单', 'R62', 'file', NULL, 1, 1),
    (916122, 'RES-0122', 904001, 'ZD-20260411', '沙特', NULL, '违禁品补充', '遥控飞机', NULL, 'PROHIBITED', '禁发', '深圳市众鸫供应链报价单2026.4.11(1)(2)(1).xlsx', '违禁品清单', 'R62 补充列', 'file', NULL, 1, 1),
    (916123, 'RES-0123', 904001, 'ZD-20260411', '沙特', NULL, '数码穿戴设备', '智能手表（带拍照）', 'Smart Bracelet Watch', 'PROHIBITED', '禁发', '深圳市众鸫供应链报价单2026.4.11(1)(2)(1).xlsx', '违禁品清单', 'R63', 'file', NULL, 1, 1),
    (916124, 'RES-0124', 904001, 'ZD-20260411', '沙特', NULL, '违禁品补充', '制作、修理、复制钥匙的工具、设备', NULL, 'PROHIBITED', '禁发', '深圳市众鸫供应链报价单2026.4.11(1)(2)(1).xlsx', '违禁品清单', 'R63 补充列', 'file', NULL, 1, 1),
    (916125, 'RES-0125', 904001, 'ZD-20260411', '沙特', NULL, '数码穿戴设备', '智能眼镜（带拍照）', 'Smart Glasses', 'PROHIBITED', '禁发', '深圳市众鸫供应链报价单2026.4.11(1)(2)(1).xlsx', '违禁品清单', 'R64', 'file', NULL, 1, 1),
    (916126, 'RES-0126', 904001, 'ZD-20260411', '沙特', NULL, '违禁品补充', '电视卡', NULL, 'PROHIBITED', '禁发', '深圳市众鸫供应链报价单2026.4.11(1)(2)(1).xlsx', '违禁品清单', 'R64 补充列', 'file', NULL, 1, 1),
    (916127, 'RES-0127', 904001, 'ZD-20260411', '沙特', NULL, '数码穿戴设备', '智能手环（带拍照）', 'Smart Ring', 'PROHIBITED', '禁发', '深圳市众鸫供应链报价单2026.4.11(1)(2)(1).xlsx', '违禁品清单', 'R65', 'file', NULL, 1, 1),
    (916128, 'RES-0128', 904001, 'ZD-20260411', '沙特', NULL, '违禁品补充', '门禁设备（无论是刷磁卡还是按指纹的）', NULL, 'PROHIBITED', '禁发', '深圳市众鸫供应链报价单2026.4.11(1)(2)(1).xlsx', '违禁品清单', 'R65 补充列', 'file', NULL, 1, 1),
    (916129, 'RES-0129', 904001, 'ZD-20260411', '沙特', NULL, '数码穿戴设备', '智能手表（带拍照）', 'Smart Watch', 'PROHIBITED', '禁发', '深圳市众鸫供应链报价单2026.4.11(1)(2)(1).xlsx', '违禁品清单', 'R66', 'file', NULL, 1, 1),
    (916130, 'RES-0130', 904001, 'ZD-20260411', '沙特', NULL, '违禁品补充', '闭路电视及监控设备', NULL, 'PROHIBITED', '禁发', '深圳市众鸫供应链报价单2026.4.11(1)(2)(1).xlsx', '违禁品清单', 'R66 补充列', 'file', NULL, 1, 1),
    (916131, 'RES-0131', 904001, 'ZD-20260411', '沙特', NULL, '数码穿戴设备', '视频眼镜', 'Video Glasses', 'PROHIBITED', '禁发', '深圳市众鸫供应链报价单2026.4.11(1)(2)(1).xlsx', '违禁品清单', 'R67', 'file', NULL, 1, 1),
    (916132, 'RES-0132', 904001, 'ZD-20260411', '沙特', NULL, '违禁品补充', '防盗报警装置', NULL, 'PROHIBITED', '禁发', '深圳市众鸫供应链报价单2026.4.11(1)(2)(1).xlsx', '违禁品清单', 'R67 补充列', 'file', NULL, 1, 1),
    (916133, 'RES-0133', 904001, 'ZD-20260411', '沙特', NULL, '无线图像传输装置及监控安防设备', '（视频信号）放大器', 'Amplifer', 'PROHIBITED', '禁发', '深圳市众鸫供应链报价单2026.4.11(1)(2)(1).xlsx', '违禁品清单', 'R68', 'file', NULL, 1, 1),
    (916134, 'RES-0134', 904001, 'ZD-20260411', '沙特', NULL, '违禁品补充', '行李安检设备', NULL, 'PROHIBITED', '禁发', '深圳市众鸫供应链报价单2026.4.11(1)(2)(1).xlsx', '违禁品清单', 'R68 补充列', 'file', NULL, 1, 1),
    (916135, 'RES-0135', 904001, 'ZD-20260411', '沙特', NULL, '无线图像传输装置及监控安防设备', '（双筒）望远镜', 'Binocular', 'PROHIBITED', '禁发', '深圳市众鸫供应链报价单2026.4.11(1)(2)(1).xlsx', '违禁品清单', 'R69', 'file', NULL, 1, 1),
    (916136, 'RES-0136', 904001, 'ZD-20260411', '沙特', NULL, '无线图像传输装置及监控安防设备', '双目取景摄像机', 'Binocular Cam', 'PROHIBITED', '禁发', '深圳市众鸫供应链报价单2026.4.11(1)(2)(1).xlsx', '违禁品清单', 'R70', 'file', NULL, 1, 1),
    (916137, 'RES-0137', 904001, 'ZD-20260411', '沙特', NULL, '无线图像传输装置及监控安防设备', '（信号）放大器', 'Booster', 'PROHIBITED', '禁发', '深圳市众鸫供应链报价单2026.4.11(1)(2)(1).xlsx', '违禁品清单', 'R71', 'file', NULL, 1, 1),
    (916138, 'RES-0138', 904001, 'ZD-20260411', '沙特', NULL, '违禁品补充', '1.粉末类产品', NULL, 'PROHIBITED', '禁发', '深圳市众鸫供应链报价单2026.4.11(1)(2)(1).xlsx', '违禁品清单', 'R71 补充列', 'file', NULL, 1, 1),
    (916139, 'RES-0139', 904001, 'ZD-20260411', '沙特', NULL, '无线图像传输装置及监控安防设备', '监控用光源', 'Bulb Lamp', 'PROHIBITED', '禁发', '深圳市众鸫供应链报价单2026.4.11(1)(2)(1).xlsx', '违禁品清单', 'R72', 'file', NULL, 1, 1),
    (916140, 'RES-0140', 904001, 'ZD-20260411', '沙特', NULL, '违禁品补充', '2.药品，保健品，食品', NULL, 'PROHIBITED', '禁发', '深圳市众鸫供应链报价单2026.4.11(1)(2)(1).xlsx', '违禁品清单', 'R72 补充列', 'file', NULL, 1, 1),
    (916141, 'RES-0141', 904001, 'ZD-20260411', '沙特', NULL, '无线图像传输装置及监控安防设备', '摄像头', 'Camera', 'PROHIBITED', '禁发', '深圳市众鸫供应链报价单2026.4.11(1)(2)(1).xlsx', '违禁品清单', 'R73', 'file', NULL, 1, 1),
    (916142, 'RES-0142', 904001, 'ZD-20260411', '沙特', NULL, '违禁品补充', '3.对讲机，无人机，监控类产品', NULL, 'PROHIBITED', '禁发', '深圳市众鸫供应链报价单2026.4.11(1)(2)(1).xlsx', '违禁品清单', 'R73 补充列', 'file', NULL, 1, 1),
    (916143, 'RES-0143', 904001, 'ZD-20260411', '沙特', NULL, '无线图像传输装置及监控安防设备', '伪装成相框的照相机', 'Camera Photo Frame', 'PROHIBITED', '禁发', '深圳市众鸫供应链报价单2026.4.11(1)(2)(1).xlsx', '违禁品清单', 'R74', 'file', NULL, 1, 1),
    (916144, 'RES-0144', 904001, 'ZD-20260411', '沙特', NULL, '违禁品补充', '4.香烟以及任何种类的烟草', NULL, 'PROHIBITED', '禁发', '深圳市众鸫供应链报价单2026.4.11(1)(2)(1).xlsx', '违禁品清单', 'R74 补充列', 'file', NULL, 1, 1),
    (916145, 'RES-0145', 904001, 'ZD-20260411', '沙特', NULL, '无线图像传输装置及监控安防设备', '汽车报警器', 'Car Alarm', 'PROHIBITED', '禁发', '深圳市众鸫供应链报价单2026.4.11(1)(2)(1).xlsx', '违禁品清单', 'R75', 'file', NULL, 1, 1),
    (916146, 'RES-0146', 904001, 'ZD-20260411', '沙特', NULL, '违禁品补充', '5.酒精饮料或工具', NULL, 'PROHIBITED', '禁发', '深圳市众鸫供应链报价单2026.4.11(1)(2)(1).xlsx', '违禁品清单', 'R75 补充列', 'file', NULL, 1, 1),
    (916147, 'RES-0147', 904001, 'ZD-20260411', '沙特', NULL, '无线图像传输装置及监控安防设备', '监控探头', 'CCTV Camera', 'PROHIBITED', '禁发', '深圳市众鸫供应链报价单2026.4.11(1)(2)(1).xlsx', '违禁品清单', 'R76', 'file', NULL, 1, 1),
    (916148, 'RES-0148', 904001, 'ZD-20260411', '沙特', NULL, '违禁品补充', '6.毒品', NULL, 'PROHIBITED', '禁发', '深圳市众鸫供应链报价单2026.4.11(1)(2)(1).xlsx', '违禁品清单', 'R76 补充列', 'file', NULL, 1, 1),
    (916149, 'RES-0149', 904001, 'ZD-20260411', '沙特', NULL, '无线图像传输装置及监控安防设备', '行车记录仪', 'Dash Cam/Driving Recorder', 'PROHIBITED', '禁发', '深圳市众鸫供应链报价单2026.4.11(1)(2)(1).xlsx', '违禁品清单', 'R77', 'file', NULL, 1, 1),
    (916150, 'RES-0150', 904001, 'ZD-20260411', '沙特', NULL, '违禁品补充', '7.赌博游戏机', NULL, 'PROHIBITED', '禁发', '深圳市众鸫供应链报价单2026.4.11(1)(2)(1).xlsx', '违禁品清单', 'R77 补充列', 'file', NULL, 1, 1),
    (916151, 'RES-0151', 904001, 'ZD-20260411', '沙特', NULL, '无线图像传输装置及监控安防设备', '桌面录像机', 'Desk Video Recorder', 'PROHIBITED', '禁发', '深圳市众鸫供应链报价单2026.4.11(1)(2)(1).xlsx', '违禁品清单', 'R78', 'file', NULL, 1, 1),
    (916152, 'RES-0152', 904001, 'ZD-20260411', '沙特', NULL, '违禁品补充', '8.纹身针, 纹身机', NULL, 'PROHIBITED', '禁发', '深圳市众鸫供应链报价单2026.4.11(1)(2)(1).xlsx', '违禁品清单', 'R78 补充列', 'file', NULL, 1, 1),
    (916153, 'RES-0153', 904001, 'ZD-20260411', '沙特', NULL, '无线图像传输装置及监控安防设备', '硬盘录像机', 'DVR', 'PROHIBITED', '禁发', '深圳市众鸫供应链报价单2026.4.11(1)(2)(1).xlsx', '违禁品清单', 'R79', 'file', NULL, 1, 1),
    (916154, 'RES-0154', 904001, 'ZD-20260411', '沙特', NULL, '违禁品补充', '9.任何有政府标志的服装', NULL, 'PROHIBITED', '禁发', '深圳市众鸫供应链报价单2026.4.11(1)(2)(1).xlsx', '违禁品清单', 'R79 补充列', 'file', NULL, 1, 1),
    (916155, 'RES-0155', 904001, 'ZD-20260411', '沙特', NULL, '无线图像传输装置及监控安防设备', '隐藏式照相机', 'Hidden Camera', 'PROHIBITED', '禁发', '深圳市众鸫供应链报价单2026.4.11(1)(2)(1).xlsx', '违禁品清单', 'R80', 'file', NULL, 1, 1),
    (916156, 'RES-0156', 904001, 'ZD-20260411', '沙特', NULL, '违禁品补充', '10.涉及宗教文化产品', NULL, 'PROHIBITED', '禁发', '深圳市众鸫供应链报价单2026.4.11(1)(2)(1).xlsx', '违禁品清单', 'R80 补充列', 'file', NULL, 1, 1),
    (916157, 'RES-0157', 904001, 'ZD-20260411', '沙特', NULL, '无线图像传输装置及监控安防设备', '隐藏式摄像机', 'Hidden Security Cam', 'PROHIBITED', '禁发', '深圳市众鸫供应链报价单2026.4.11(1)(2)(1).xlsx', '违禁品清单', 'R81', 'file', NULL, 1, 1),
    (916158, 'RES-0158', 904001, 'ZD-20260411', '沙特', NULL, '违禁品补充', '11.烟花爆竹，易燃易爆物品，密封气压罐', NULL, 'PROHIBITED', '禁发', '深圳市众鸫供应链报价单2026.4.11(1)(2)(1).xlsx', '违禁品清单', 'R81 补充列', 'file', NULL, 1, 1),
    (916159, 'RES-0159', 904001, 'ZD-20260411', '沙特', NULL, '无线图像传输装置及监控安防设备', '网络摄像机', 'IP Camera', 'PROHIBITED', '禁发', '深圳市众鸫供应链报价单2026.4.11(1)(2)(1).xlsx', '违禁品清单', 'R82', 'file', NULL, 1, 1),
    (916160, 'RES-0160', 904001, 'ZD-20260411', '沙特', NULL, '违禁品补充', '12.任何以色列制造或带有以色列标志或项目的产品', NULL, 'PROHIBITED', '禁发', '深圳市众鸫供应链报价单2026.4.11(1)(2)(1).xlsx', '违禁品清单', 'R82 补充列', 'file', NULL, 1, 1),
    (916161, 'RES-0161', 904001, 'ZD-20260411', '沙特', NULL, '无线图像传输装置及监控安防设备', '监控用光源', 'IP Lamp', 'PROHIBITED', '禁发', '深圳市众鸫供应链报价单2026.4.11(1)(2)(1).xlsx', '违禁品清单', 'R83', 'file', NULL, 1, 1),
    (916162, 'RES-0162', 904001, 'ZD-20260411', '沙特', NULL, '违禁品补充', '13.货币，军火武器，管制刀具', NULL, 'PROHIBITED', '禁发', '深圳市众鸫供应链报价单2026.4.11(1)(2)(1).xlsx', '违禁品清单', 'R83 补充列', 'file', NULL, 1, 1),
    (916163, 'RES-0163', 904001, 'ZD-20260411', '沙特', NULL, '无线图像传输装置及监控安防设备', '网络监控器', 'IP monitor', 'PROHIBITED', '禁发', '深圳市众鸫供应链报价单2026.4.11(1)(2)(1).xlsx', '违禁品清单', 'R84', 'file', NULL, 1, 1),
    (916164, 'RES-0164', 904001, 'ZD-20260411', '沙特', NULL, '违禁品补充', '14.成人用品', NULL, 'PROHIBITED', '禁发', '深圳市众鸫供应链报价单2026.4.11(1)(2)(1).xlsx', '违禁品清单', 'R84 补充列', 'file', NULL, 1, 1),
    (916165, 'RES-0165', 904001, 'ZD-20260411', '沙特', NULL, '无线图像传输装置及监控安防设备', '迷你摄像机', 'Mini Camcorder', 'PROHIBITED', '禁发', '深圳市众鸫供应链报价单2026.4.11(1)(2)(1).xlsx', '违禁品清单', 'R85', 'file', NULL, 1, 1),
    (916166, 'RES-0166', 904001, 'ZD-20260411', '沙特', NULL, '无线图像传输装置及监控安防设备', '迷你照相机', 'Mini Camera', 'PROHIBITED', '禁发', '深圳市众鸫供应链报价单2026.4.11(1)(2)(1).xlsx', '违禁品清单', 'R86', 'file', NULL, 1, 1),
    (916167, 'RES-0167', 904001, 'ZD-20260411', '沙特', NULL, '无线图像传输装置及监控安防设备', '家用隐蔽探头', 'Nanny Cam', 'PROHIBITED', '禁发', '深圳市众鸫供应链报价单2026.4.11(1)(2)(1).xlsx', '违禁品清单', 'R87', 'file', NULL, 1, 1),
    (916168, 'RES-0168', 904001, 'ZD-20260411', '沙特', NULL, '无线图像传输装置及监控安防设备', '夜视望远镜', 'Night Vision Binocular', 'PROHIBITED', '禁发', '深圳市众鸫供应链报价单2026.4.11(1)(2)(1).xlsx', '违禁品清单', 'R88', 'file', NULL, 1, 1),
    (916169, 'RES-0169', 904001, 'ZD-20260411', '沙特', NULL, '无线图像传输装置及监控安防设备', '夜视记录仪', 'Night Vision Recorder', 'PROHIBITED', '禁发', '深圳市众鸫供应链报价单2026.4.11(1)(2)(1).xlsx', '违禁品清单', 'R89', 'file', NULL, 1, 1),
    (916170, 'RES-0170', 904001, 'ZD-20260411', '沙特', NULL, '无线图像传输装置及监控安防设备', '（金属）探测仪', 'Pin Pointer', 'PROHIBITED', '禁发', '深圳市众鸫供应链报价单2026.4.11(1)(2)(1).xlsx', '违禁品清单', 'R90', 'file', NULL, 1, 1),
    (916171, 'RES-0171', 904001, 'ZD-20260411', '沙特', NULL, '无线图像传输装置及监控安防设备', '旋转照相机', 'Rotatable Camera', 'PROHIBITED', '禁发', '深圳市众鸫供应链报价单2026.4.11(1)(2)(1).xlsx', '违禁品清单', 'R91', 'file', NULL, 1, 1),
    (916172, 'RES-0172', 904001, 'ZD-20260411', '沙特', NULL, '无线图像传输装置及监控安防设备', '间谍用照相机', 'Spy Camera', 'PROHIBITED', '禁发', '深圳市众鸫供应链报价单2026.4.11(1)(2)(1).xlsx', '违禁品清单', 'R92', 'file', NULL, 1, 1),
    (916173, 'RES-0173', 904001, 'ZD-20260411', '沙特', NULL, '无线图像传输装置及监控安防设备', '监控录像机', 'Surveillance Recorder', 'PROHIBITED', '禁发', '深圳市众鸫供应链报价单2026.4.11(1)(2)(1).xlsx', '违禁品清单', 'R93', 'file', NULL, 1, 1),
    (916174, 'RES-0174', 904001, 'ZD-20260411', '沙特', NULL, '无线图像传输装置及监控安防设备', '网络摄像机', 'WIFI Camera', 'PROHIBITED', '禁发', '深圳市众鸫供应链报价单2026.4.11(1)(2)(1).xlsx', '违禁品清单', 'R94', 'file', NULL, 1, 1),
    (916175, 'RES-0175', 904001, 'ZD-20260411', '沙特', NULL, '无线图像传输装置及监控安防设备', '无线夜视音频摄像机', 'Wireless Night Vision Audio Camera', 'PROHIBITED', '禁发', '深圳市众鸫供应链报价单2026.4.11(1)(2)(1).xlsx', '违禁品清单', 'R95', 'file', NULL, 1, 1),
    (916176, 'RES-0176', 904001, 'ZD-20260411', '沙特', NULL, '无人机及武器相关', '无人机/航拍器', 'Drone', 'PROHIBITED', '禁发', '深圳市众鸫供应链报价单2026.4.11(1)(2)(1).xlsx', '违禁品清单', 'R96', 'file', NULL, 1, 1),
    (916177, 'RES-0177', 904001, 'ZD-20260411', '沙特', NULL, '无人机及武器相关', '弓弩', 'Archery', 'PROHIBITED', '禁发', '深圳市众鸫供应链报价单2026.4.11(1)(2)(1).xlsx', '违禁品清单', 'R97', 'file', NULL, 1, 1),
    (916178, 'RES-0178', 904001, 'ZD-20260411', '沙特', NULL, '无人机及武器相关', '遥控直升机', 'RC Helicopter', 'PROHIBITED', '禁发', '深圳市众鸫供应链报价单2026.4.11(1)(2)(1).xlsx', '违禁品清单', 'R98', 'file', NULL, 1, 1),
    (916179, 'RES-0179', 904001, 'ZD-20260411', '沙特', NULL, '无人机及武器相关', '遥控玩具', 'RC Toy', 'PROHIBITED', '禁发', '深圳市众鸫供应链报价单2026.4.11(1)(2)(1).xlsx', '违禁品清单', 'R99', 'file', NULL, 1, 1),
    (916180, 'RES-0180', 904001, 'ZD-20260411', '沙特', NULL, '无人机及武器相关', '枪', 'Rifle', 'PROHIBITED', '禁发', '深圳市众鸫供应链报价单2026.4.11(1)(2)(1).xlsx', '违禁品清单', 'R100', 'file', NULL, 1, 1),
    (916181, 'RES-0181', 904001, 'ZD-20260411', '沙特', NULL, '无人机及武器相关', '弹弓', 'Slingshot', 'PROHIBITED', '禁发', '深圳市众鸫供应链报价单2026.4.11(1)(2)(1).xlsx', '违禁品清单', 'R101', 'file', NULL, 1, 1),
    (916182, 'RES-0182', 904001, 'ZD-20260411', '沙特', NULL, '无人机及武器相关', '望远瞄准器', 'Telescopic Sight', 'PROHIBITED', '禁发', '深圳市众鸫供应链报价单2026.4.11(1)(2)(1).xlsx', '违禁品清单', 'R102', 'file', NULL, 1, 1),
    (916183, 'RES-0183', 904001, 'ZD-20260411', '沙特', NULL, '无人机及武器相关', '点火器', 'Torch', 'PROHIBITED', '禁发', '深圳市众鸫供应链报价单2026.4.11(1)(2)(1).xlsx', '违禁品清单', 'R103', 'file', NULL, 1, 1),
    (916184, 'RES-0184', 904001, 'ZD-20260411', '沙特', NULL, '无线通讯设备', '车载对讲机', 'Car Radio repeater', 'PROHIBITED', '禁发', '深圳市众鸫供应链报价单2026.4.11(1)(2)(1).xlsx', '违禁品清单', 'R104', 'file', NULL, 1, 1),
    (916185, 'RES-0185', 904001, 'ZD-20260411', '沙特', NULL, '无线通讯设备', '信号增强器', 'Signal Booster', 'PROHIBITED', '禁发', '深圳市众鸫供应链报价单2026.4.11(1)(2)(1).xlsx', '违禁品清单', 'R105', 'file', NULL, 1, 1),
    (916186, 'RES-0186', 904001, 'ZD-20260411', '沙特', NULL, '无线通讯设备', '信号发生器', 'Signal Generator', 'PROHIBITED', '禁发', '深圳市众鸫供应链报价单2026.4.11(1)(2)(1).xlsx', '违禁品清单', 'R106', 'file', NULL, 1, 1),
    (916187, 'RES-0187', 904001, 'ZD-20260411', '沙特', NULL, '无线通讯设备', '电台', 'Radio', 'PROHIBITED', '禁发', '深圳市众鸫供应链报价单2026.4.11(1)(2)(1).xlsx', '违禁品清单', 'R107', 'file', NULL, 1, 1),
    (916188, 'RES-0188', 904001, 'ZD-20260411', '沙特', NULL, '无线通讯设备', '无线电收发报机', 'Ham Receive', 'PROHIBITED', '禁发', '深圳市众鸫供应链报价单2026.4.11(1)(2)(1).xlsx', '违禁品清单', 'R108', 'file', NULL, 1, 1),
    (916189, 'RES-0189', 904001, 'ZD-20260411', '沙特', NULL, '无线通讯设备', '无线电收发报机', 'Transceiver', 'PROHIBITED', '禁发', '深圳市众鸫供应链报价单2026.4.11(1)(2)(1).xlsx', '违禁品清单', 'R109', 'file', NULL, 1, 1),
    (916190, 'RES-0190', 904001, 'ZD-20260411', '沙特', NULL, '无线通讯设备', '对讲收发报机', 'Interphone Transceiver', 'PROHIBITED', '禁发', '深圳市众鸫供应链报价单2026.4.11(1)(2)(1).xlsx', '违禁品清单', 'R110', 'file', NULL, 1, 1),
    (916191, 'RES-0191', 904001, 'ZD-20260411', '沙特', NULL, '无线通讯设备', '定位器', 'Locator', 'PROHIBITED', '禁发', '深圳市众鸫供应链报价单2026.4.11(1)(2)(1).xlsx', '违禁品清单', 'R111', 'file', NULL, 1, 1),
    (916192, 'RES-0192', 904001, 'ZD-20260411', '沙特', NULL, '无线通讯设备', '路由器', 'Router', 'PROHIBITED', '禁发', '深圳市众鸫供应链报价单2026.4.11(1)(2)(1).xlsx', '违禁品清单', 'R112', 'file', NULL, 1, 1),
    (916193, 'RES-0193', 904001, 'ZD-20260411', '沙特', NULL, '无线通讯设备', '车载天线', 'Vehicle Antennas', 'PROHIBITED', '禁发', '深圳市众鸫供应链报价单2026.4.11(1)(2)(1).xlsx', '违禁品清单', 'R113', 'file', NULL, 1, 1),
    (916194, 'RES-0194', 904001, 'ZD-20260411', '沙特', NULL, '无线通讯设备', '对讲机', 'Waikie Talkie', 'PROHIBITED', '禁发', '深圳市众鸫供应链报价单2026.4.11(1)(2)(1).xlsx', '违禁品清单', 'R114', 'file', NULL, 1, 1),
    (916195, 'RES-0195', 904001, 'ZD-20260411', '沙特', NULL, '无线通讯设备', '扫描追踪仪', 'Scanner Tracker', 'PROHIBITED', '禁发', '深圳市众鸫供应链报价单2026.4.11(1)(2)(1).xlsx', '违禁品清单', 'R115', 'file', NULL, 1, 1),
    (916196, 'RES-0196', 904001, 'ZD-20260411', '沙特', NULL, '导航定位设备', '扫描追踪仪', 'Scanner Tracker', 'PROHIBITED', '禁发', '深圳市众鸫供应链报价单2026.4.11(1)(2)(1).xlsx', '违禁品清单', 'R116', 'file', NULL, 1, 1),
    (916197, 'RES-0197', 904001, 'ZD-20260411', '沙特', NULL, '导航定位设备', '定位器', 'Locator', 'PROHIBITED', '禁发', '深圳市众鸫供应链报价单2026.4.11(1)(2)(1).xlsx', '违禁品清单', 'R117', 'file', NULL, 1, 1),
    (916198, 'RES-0198', 904001, 'ZD-20260411', '沙特', NULL, '导航定位设备', 'GPS定位终端', 'GPS Tracker', 'PROHIBITED', '禁发', '深圳市众鸫供应链报价单2026.4.11(1)(2)(1).xlsx', '违禁品清单', 'R118', 'file', NULL, 1, 1),
    (916199, 'RES-0199', 904001, 'ZD-20260411', '沙特', NULL, '激光及测量仪器', '辐射测量仪', 'Radiation Meter', 'PROHIBITED', '禁发', '深圳市众鸫供应链报价单2026.4.11(1)(2)(1).xlsx', '违禁品清单', 'R119', 'file', NULL, 1, 1),
    (916200, 'RES-0200', 904001, 'ZD-20260411', '沙特', NULL, '激光及测量仪器', '激光焦距指示器', 'Focal Length Laser Pointer', 'PROHIBITED', '禁发', '深圳市众鸫供应链报价单2026.4.11(1)(2)(1).xlsx', '违禁品清单', 'R120', 'file', NULL, 1, 1),
    (916201, 'RES-0201', 904001, 'ZD-20260411', '沙特', NULL, '激光及测量仪器', '激光笔', 'Laser Pointer Pen', 'PROHIBITED', '禁发', '深圳市众鸫供应链报价单2026.4.11(1)(2)(1).xlsx', '违禁品清单', 'R121', 'file', NULL, 1, 1),
    (916202, 'RES-0202', 904001, 'ZD-20260411', '沙特', NULL, '激光及测量仪器', '雷达探测装置', 'Radar', 'PROHIBITED', '禁发', '深圳市众鸫供应链报价单2026.4.11(1)(2)(1).xlsx', '违禁品清单', 'R122', 'file', NULL, 1, 1),
    (916203, 'RES-0203', 904001, 'ZD-20260411', '沙特', NULL, '激光及测量仪器', '激光定位器', 'Laser Pointer', 'PROHIBITED', '禁发', '深圳市众鸫供应链报价单2026.4.11(1)(2)(1).xlsx', '违禁品清单', 'R123', 'file', NULL, 1, 1),
    (916204, 'RES-0204', 904001, 'ZD-20260411', '沙特', NULL, '激光及测量仪器', '辐射测量仪', 'Radiation Meter', 'PROHIBITED', '禁发', '深圳市众鸫供应链报价单2026.4.11(1)(2)(1).xlsx', '违禁品清单', 'R124', 'file', NULL, 1, 1),
    (916205, 'RES-0205', 904001, 'ZD-20260411', '沙特', NULL, '激光及测量仪器', '激光焦距指示器', 'Focal Length Laser Pointer', 'PROHIBITED', '禁发', '深圳市众鸫供应链报价单2026.4.11(1)(2)(1).xlsx', '违禁品清单', 'R125', 'file', NULL, 1, 1),
    (916206, 'RES-0206', 904001, 'ZD-20260411', '沙特', NULL, '激光及测量仪器', '激光笔', 'Laser Pointer Pen', 'PROHIBITED', '禁发', '深圳市众鸫供应链报价单2026.4.11(1)(2)(1).xlsx', '违禁品清单', 'R126', 'file', NULL, 1, 1),
    (916207, 'RES-0207', 904001, 'ZD-20260411', '沙特', NULL, '激光及测量仪器', '（金属/硬币）探测器', '(Metal/Coin)Detector', 'PROHIBITED', '禁发', '深圳市众鸫供应链报价单2026.4.11(1)(2)(1).xlsx', '违禁品清单', 'R127', 'file', NULL, 1, 1),
    (916208, 'RES-0208', 904001, 'ZD-20260411', '沙特', NULL, '激光及测量仪器', '金属探测器', 'Metal Finder', 'PROHIBITED', '禁发', '深圳市众鸫供应链报价单2026.4.11(1)(2)(1).xlsx', '违禁品清单', 'R128', 'file', NULL, 1, 1),
    (916209, 'RES-0209', 904001, 'ZD-20260411', '沙特', NULL, '杂项', 'VR控制器', 'VR Controller', 'PROHIBITED', '禁发', '深圳市众鸫供应链报价单2026.4.11(1)(2)(1).xlsx', '违禁品清单', 'R129', 'file', NULL, 1, 1),
    (916210, 'RES-0210', 904001, 'ZD-20260411', '沙特', NULL, '杂项', '电视机顶盒', 'TV Box', 'PROHIBITED', '禁发', '深圳市众鸫供应链报价单2026.4.11(1)(2)(1).xlsx', '违禁品清单', 'R130', 'file', NULL, 1, 1),
    (916211, 'RES-0211', 904001, 'ZD-20260411', '沙特', NULL, '杂项', '智能机顶盒', 'Smart Box', 'PROHIBITED', '禁发', '深圳市众鸫供应链报价单2026.4.11(1)(2)(1).xlsx', '违禁品清单', 'R131', 'file', NULL, 1, 1),
    (916212, 'RES-0212', 904001, 'ZD-20260411', '沙特', NULL, '杂项', '多媒体播放器', 'Multimedia Palyer', 'PROHIBITED', '禁发', '深圳市众鸫供应链报价单2026.4.11(1)(2)(1).xlsx', '违禁品清单', 'R132', 'file', NULL, 1, 1),
    (916213, 'RES-0213', 904001, 'ZD-20260411', '沙特', NULL, '杂项', '扑克牌', 'Porker', 'PROHIBITED', '禁发', '深圳市众鸫供应链报价单2026.4.11(1)(2)(1).xlsx', '违禁品清单', 'R133', 'file', NULL, 1, 1),
    (916214, 'RES-0214', 904001, 'ZD-20260411', '沙特', NULL, '杂项', '面具', 'Mask', 'PROHIBITED', '禁发', '深圳市众鸫供应链报价单2026.4.11(1)(2)(1).xlsx', '违禁品清单', 'R134', 'file', NULL, 1, 1),
    (916215, 'RES-0215', 904001, 'ZD-20260411', '沙特', NULL, '杂项', '发光鞋（使用水银）', 'Illuminated Footwear', 'PROHIBITED', '禁发', '深圳市众鸫供应链报价单2026.4.11(1)(2)(1).xlsx', '违禁品清单', 'R135', 'file', NULL, 1, 1),
    (916216, 'RES-0216', 904001, 'ZD-20260411', '沙特', NULL, '杂项', '可再灌装的瓶子及其他可循环使用的空容器', 'Refillable Bottle', 'PROHIBITED', '禁发', '深圳市众鸫供应链报价单2026.4.11(1)(2)(1).xlsx', '违禁品清单', 'R136', 'file', NULL, 1, 1),
    (916217, 'RES-0217', 904001, 'ZD-20260411', '沙特', NULL, '杂项', '贵金属首饰', 'Jewelry', 'PROHIBITED', '禁发', '深圳市众鸫供应链报价单2026.4.11(1)(2)(1).xlsx', '违禁品清单', 'R137', 'file', NULL, 1, 1),
    (916218, 'RES-0218', 904001, 'ZD-20260411', '沙特', NULL, '杂项', '太阳眼镜（无原产地或商标）', 'Sunglassed', 'PROHIBITED', '禁发', '深圳市众鸫供应链报价单2026.4.11(1)(2)(1).xlsx', '违禁品清单', 'R138', 'file', NULL, 1, 1),
    (916219, 'RES-0219', 904001, 'ZD-20260411', '沙特', NULL, '杂项', '音乐贺年卡', 'Music Card', 'PROHIBITED', '禁发', '深圳市众鸫供应链报价单2026.4.11(1)(2)(1).xlsx', '违禁品清单', 'R139', 'file', NULL, 1, 1),
    (916220, 'RES-0220', 904001, 'ZD-20260411', '沙特', NULL, '杂项', '迷彩系列', 'Camouflage', 'PROHIBITED', '禁发', '深圳市众鸫供应链报价单2026.4.11(1)(2)(1).xlsx', '违禁品清单', 'R140', 'file', NULL, 1, 1),
    (916221, 'RES-0221', 904002, 'YT-SAU-UNDATED-001', '沙特', 'YT-SAU-SEA-FBN-RUH', '义特限制产品', '液体', NULL, 'PROHIBITED', '不接', '沙特价格表.pdf', 'PAGE 1', 'PDF text', 'file', NULL, 1, 1),
    (916222, 'RES-0222', 904002, 'YT-SAU-UNDATED-001', '沙特', 'YT-SAU-SEA-FBN-RUH', '义特限制产品', '粉末', NULL, 'PROHIBITED', '不接', '沙特价格表.pdf', 'PAGE 1', 'PDF text', 'file', NULL, 1, 1),
    (916223, 'RES-0223', 904002, 'YT-SAU-UNDATED-001', '沙特', 'YT-SAU-SEA-FBN-RUH', '义特限制产品', '气体', NULL, 'PROHIBITED', '不接', '沙特价格表.pdf', 'PAGE 1', 'PDF text', 'file', NULL, 1, 1),
    (916224, 'RES-0224', 904002, 'YT-SAU-UNDATED-001', '沙特', 'YT-SAU-SEA-FBN-RUH', '义特限制产品', '食品', NULL, 'PROHIBITED', '不接', '沙特价格表.pdf', 'PAGE 1', 'PDF text', 'file', NULL, 1, 1),
    (916225, 'RES-0225', 904002, 'YT-SAU-UNDATED-001', '沙特', 'YT-SAU-SEA-FBN-RUH', '义特限制产品', '药品', NULL, 'PROHIBITED', '不接', '沙特价格表.pdf', 'PAGE 1', 'PDF text', 'file', NULL, 1, 1),
    (916226, 'RES-0226', 904002, 'YT-SAU-UNDATED-001', '沙特', 'YT-SAU-SEA-FBN-RUH', '义特限制产品', '酒和烟相关产品', NULL, 'PROHIBITED', '不接', '沙特价格表.pdf', 'PAGE 1', 'PDF text', 'file', NULL, 1, 1),
    (916227, 'RES-0227', 904002, 'YT-SAU-UNDATED-001', '沙特', 'YT-SAU-SEA-FBN-RUH', '义特限制产品', '宗教类产品/古兰经', NULL, 'PROHIBITED', '不接', '沙特价格表.pdf', 'PAGE 1', 'PDF text', 'file', NULL, 1, 1),
    (916228, 'RES-0228', 904002, 'YT-SAU-UNDATED-001', '沙特', 'YT-SAU-SEA-FBN-RUH', '义特限制产品', '成人情趣用品', NULL, 'PROHIBITED', '不接', '沙特价格表.pdf', 'PAGE 1', 'PDF text', 'file', NULL, 1, 1),
    (916229, 'RES-0229', 904002, 'YT-SAU-UNDATED-001', '沙特', 'YT-SAU-SEA-FBN-RUH', '义特限制产品', '电子烟', NULL, 'PROHIBITED', '不接', '沙特价格表.pdf', 'PAGE 1', 'PDF text', 'file', NULL, 1, 1),
    (916230, 'RES-0230', 904002, 'YT-SAU-UNDATED-001', '沙特', 'YT-SAU-SEA-FBN-RUH', '义特限制产品', '带激光类产品', NULL, 'PROHIBITED', '不接', '沙特价格表.pdf', 'PAGE 1', 'PDF text', 'file', NULL, 1, 1),
    (916231, 'RES-0231', 904002, 'YT-SAU-UNDATED-001', '沙特', 'YT-SAU-SEA-FBN-RUH', '义特限制产品', '迷彩类', NULL, 'PROHIBITED', '不接', '沙特价格表.pdf', 'PAGE 1', 'PDF text', 'file', NULL, 1, 1),
    (916232, 'RES-0232', 904002, 'YT-SAU-UNDATED-001', '沙特', 'YT-SAU-SEA-FBN-RUH', '义特限制产品', '无人机', NULL, 'PROHIBITED', '不接', '沙特价格表.pdf', 'PAGE 1', 'PDF text', 'file', NULL, 1, 1),
    (916233, 'RES-0233', 904002, 'YT-SAU-UNDATED-001', '沙特', 'YT-SAU-SEA-FBN-RUH', '义特限制产品', '攻击性武器类产品', NULL, 'PROHIBITED', '不接', '沙特价格表.pdf', 'PAGE 1', 'PDF text', 'file', NULL, 1, 1)
ON DUPLICATE KEY UPDATE
    `restriction_code` = VALUES(`restriction_code`),
    `quote_version_id` = VALUES(`quote_version_id`),
    `quote_version_code` = VALUES(`quote_version_code`),
    `country` = VALUES(`country`),
    `service_code` = VALUES(`service_code`),
    `item_category` = VALUES(`item_category`),
    `item_name_cn` = VALUES(`item_name_cn`),
    `item_name_en` = VALUES(`item_name_en`),
    `severity` = VALUES(`severity`),
    `handling_action` = VALUES(`handling_action`),
    `source_file_name` = VALUES(`source_file_name`),
    `source_sheet_or_page` = VALUES(`source_sheet_or_page`),
    `source_row_or_locator` = VALUES(`source_row_or_locator`),
    `source_type` = VALUES(`source_type`),
    `remark` = VALUES(`remark`),
    `created_by` = VALUES(`created_by`),
    `updated_by` = VALUES(`updated_by`);
