-- Renamed from 035_noon_attribute_dictionary.sql to keep migration prefixes unique.
CREATE TABLE IF NOT EXISTS `noon_attribute_field` (
    `id` BIGINT NOT NULL,
    `project_code` VARCHAR(40) NOT NULL,
    `store_code` VARCHAR(40) NOT NULL,
    `product_fulltype` VARCHAR(255) NOT NULL,
    `attribute_code` VARCHAR(120) NOT NULL,
    `label_en` VARCHAR(255) DEFAULT NULL,
    `label_ar` VARCHAR(255) DEFAULT NULL,
    `group_name` VARCHAR(120) DEFAULT NULL,
    `input_kind` VARCHAR(40) NOT NULL DEFAULT 'text',
    `required` BIT(1) NOT NULL DEFAULT b'0',
    `grouping` BIT(1) NOT NULL DEFAULT b'0',
    `visible_seller` BIT(1) NOT NULL DEFAULT b'1',
    `dictionary_source` VARCHAR(40) NOT NULL DEFAULT 'official-template',
    `sort_order` INT NOT NULL DEFAULT 0,
    `fetched_at` DATETIME DEFAULT NULL,
    `is_deleted` BIT(1) NOT NULL DEFAULT b'0',
    `created_by` BIGINT DEFAULT NULL,
    `updated_by` BIGINT DEFAULT NULL,
    `gmt_create` DATETIME NOT NULL DEFAULT CURRENT_TIMESTAMP,
    `gmt_updated` DATETIME NOT NULL DEFAULT CURRENT_TIMESTAMP ON UPDATE CURRENT_TIMESTAMP,
    PRIMARY KEY (`id`),
    UNIQUE KEY `uk_noon_attribute_field_scope_code` (`project_code`, `store_code`, `product_fulltype`, `attribute_code`),
    KEY `idx_noon_attribute_field_lookup` (`product_fulltype`, `attribute_code`)
) ENGINE=InnoDB DEFAULT CHARSET=utf8mb4 COLLATE=utf8mb4_unicode_ci;

CREATE TABLE IF NOT EXISTS `noon_attribute_option` (
    `id` BIGINT NOT NULL,
    `field_id` BIGINT NOT NULL,
    `option_value` VARCHAR(255) NOT NULL,
    `label_en` VARCHAR(255) NOT NULL,
    `label_ar` VARCHAR(255) DEFAULT NULL,
    `sort_order` INT NOT NULL DEFAULT 0,
    `is_deleted` BIT(1) NOT NULL DEFAULT b'0',
    `created_by` BIGINT DEFAULT NULL,
    `updated_by` BIGINT DEFAULT NULL,
    `gmt_create` DATETIME NOT NULL DEFAULT CURRENT_TIMESTAMP,
    `gmt_updated` DATETIME NOT NULL DEFAULT CURRENT_TIMESTAMP ON UPDATE CURRENT_TIMESTAMP,
    PRIMARY KEY (`id`),
    UNIQUE KEY `uk_noon_attribute_option_field_value` (`field_id`, `option_value`),
    KEY `idx_noon_attribute_option_field` (`field_id`)
) ENGINE=InnoDB DEFAULT CHARSET=utf8mb4 COLLATE=utf8mb4_unicode_ci;

CREATE TABLE IF NOT EXISTS `noon_attribute_unit_option` (
    `id` BIGINT NOT NULL,
    `field_id` BIGINT NOT NULL,
    `unit_value` VARCHAR(80) NOT NULL,
    `label_en` VARCHAR(120) NOT NULL,
    `label_ar` VARCHAR(120) DEFAULT NULL,
    `sort_order` INT NOT NULL DEFAULT 0,
    `is_deleted` BIT(1) NOT NULL DEFAULT b'0',
    `created_by` BIGINT DEFAULT NULL,
    `updated_by` BIGINT DEFAULT NULL,
    `gmt_create` DATETIME NOT NULL DEFAULT CURRENT_TIMESTAMP,
    `gmt_updated` DATETIME NOT NULL DEFAULT CURRENT_TIMESTAMP ON UPDATE CURRENT_TIMESTAMP,
    PRIMARY KEY (`id`),
    UNIQUE KEY `uk_noon_attribute_unit_field_value` (`field_id`, `unit_value`),
    KEY `idx_noon_attribute_unit_field` (`field_id`)
) ENGINE=InnoDB DEFAULT CHARSET=utf8mb4 COLLATE=utf8mb4_unicode_ci;

CREATE TABLE IF NOT EXISTS `noon_attribute_template_sync_log` (
    `id` BIGINT NOT NULL,
    `project_code` VARCHAR(40) NOT NULL,
    `store_code` VARCHAR(40) NOT NULL,
    `product_fulltype` VARCHAR(255) NOT NULL,
    `sync_type` VARCHAR(40) NOT NULL,
    `status` VARCHAR(40) NOT NULL,
    `error_message` VARCHAR(500) DEFAULT NULL,
    `started_at` DATETIME NOT NULL,
    `finished_at` DATETIME NOT NULL,
    `created_by` BIGINT DEFAULT NULL,
    `updated_by` BIGINT DEFAULT NULL,
    `gmt_create` DATETIME NOT NULL DEFAULT CURRENT_TIMESTAMP,
    `gmt_updated` DATETIME NOT NULL DEFAULT CURRENT_TIMESTAMP ON UPDATE CURRENT_TIMESTAMP,
    PRIMARY KEY (`id`),
    KEY `idx_noon_attribute_template_sync_scope` (`project_code`, `store_code`, `product_fulltype`, `started_at`),
    KEY `idx_noon_attribute_template_sync_status` (`status`, `started_at`)
) ENGINE=InnoDB DEFAULT CHARSET=utf8mb4 COLLATE=utf8mb4_unicode_ci;

INSERT INTO `product_management_id_sequence` (`sequence_name`, `next_id`, `gmt_create`, `gmt_updated`)
VALUES
    ('noon_attribute_field', 59100, NOW(), NOW()),
    ('noon_attribute_option', 59600, NOW(), NOW()),
    ('noon_attribute_unit_option', 60100, NOW(), NOW()),
    ('noon_attribute_template_sync_log', 61000, NOW(), NOW())
ON DUPLICATE KEY UPDATE
    `next_id` = GREATEST(`next_id`, VALUES(`next_id`)),
    `gmt_updated` = NOW();

INSERT INTO `noon_attribute_field` (
    `id`, `project_code`, `store_code`, `product_fulltype`, `attribute_code`,
    `label_en`, `label_ar`, `group_name`, `input_kind`, `required`, `grouping`, `visible_seller`,
    `dictionary_source`, `sort_order`, `fetched_at`, `is_deleted`, `created_by`, `updated_by`
) VALUES
    (59001, '*', '*', '*', 'base_material', 'Base Material', NULL, 'Product Detail', 'select', b'0', b'0', b'1', 'seed', 10, NOW(), b'0', 0, 0),
    (59002, '*', '*', '*', 'care_instructions', 'Care Instructions', NULL, 'Product Detail', 'select', b'0', b'0', b'1', 'seed', 20, NOW(), b'0', 0, 0),
    (59003, '*', '*', '*', 'colour_family', 'Colour', NULL, 'Product Detail', 'select', b'0', b'1', b'1', 'seed', 30, NOW(), b'0', 0, 0),
    (59004, '*', '*', '*', 'connection_type', 'Connection Type', NULL, 'Product Detail', 'select', b'0', b'0', b'1', 'seed', 40, NOW(), b'0', 0, 0),
    (59005, '*', '*', '*', 'control_method', 'Control Method', NULL, 'Product Detail', 'select', b'0', b'0', b'1', 'seed', 50, NOW(), b'0', 0, 0),
    (59006, '*', '*', '*', 'country_of_origin', 'Country of Origin', NULL, 'Product Detail', 'select', b'0', b'0', b'1', 'seed', 60, NOW(), b'0', 0, 0),
    (59007, '*', '*', '*', 'item_condition', 'Item Condition', NULL, 'Product Detail', 'select', b'0', b'0', b'1', 'seed', 70, NOW(), b'0', 0, 0),
    (59008, '*', '*', '*', 'lighting_technology', 'Lighting Technology', NULL, 'Product Detail', 'select', b'0', b'0', b'1', 'seed', 80, NOW(), b'0', 0, 0),
    (59009, '*', '*', '*', 'material_finish', 'Finish', NULL, 'Product Detail', 'select', b'0', b'0', b'1', 'seed', 90, NOW(), b'0', 0, 0),
    (59010, '*', '*', '*', 'occasion', 'Occasion', NULL, 'Product Detail', 'select', b'0', b'0', b'1', 'seed', 100, NOW(), b'0', 0, 0),
    (59011, '*', '*', '*', 'pattern', 'Pattern', NULL, 'Product Detail', 'select', b'0', b'0', b'1', 'seed', 110, NOW(), b'0', 0, 0),
    (59012, '*', '*', '*', 'secondary_material', 'Secondary Material', NULL, 'Product Detail', 'select', b'0', b'0', b'1', 'seed', 120, NOW(), b'0', 0, 0),
    (59013, '*', '*', '*', 'shape', 'Shape', NULL, 'Product Detail', 'select', b'0', b'0', b'1', 'seed', 130, NOW(), b'0', 0, 0),
    (59014, '*', '*', '*', 'vat_rate_ae', 'VAT Rate AE', NULL, 'Finance related Attributes', 'select', b'0', b'0', b'1', 'seed', 140, NOW(), b'0', 0, 0),
    (59015, '*', '*', '*', 'vat_rate_eg', 'Vat Rate Egypt', NULL, 'Finance related Attributes', 'select', b'0', b'0', b'1', 'seed', 150, NOW(), b'0', 0, 0),
    (59016, '*', '*', '*', 'vat_rate_sa', 'VAT Rate SA', NULL, 'Finance related Attributes', 'select', b'0', b'0', b'1', 'seed', 160, NOW(), b'0', 0, 0),
    (59017, '*', '*', '*', 'product_height', 'Product Height', NULL, 'Product Detail', 'dimension', b'0', b'0', b'1', 'seed', 170, NOW(), b'0', 0, 0),
    (59018, '*', '*', '*', 'product_length', 'Product Length', NULL, 'Product Detail', 'dimension', b'0', b'0', b'1', 'seed', 180, NOW(), b'0', 0, 0),
    (59019, '*', '*', '*', 'product_weight', 'Product Weight', NULL, 'Product Detail', 'dimension', b'0', b'0', b'1', 'seed', 190, NOW(), b'0', 0, 0),
    (59020, '*', '*', '*', 'product_width_depth', 'Product Width', NULL, 'Product Detail', 'dimension', b'0', b'0', b'1', 'seed', 200, NOW(), b'0', 0, 0),
    (59021, '*', '*', '*', 'shipping_height', 'Shipping Height', NULL, 'Shipping', 'dimension', b'0', b'0', b'1', 'seed', 210, NOW(), b'0', 0, 0),
    (59022, '*', '*', '*', 'shipping_length', 'Shipping Length', NULL, 'Shipping', 'dimension', b'0', b'0', b'1', 'seed', 220, NOW(), b'0', 0, 0),
    (59023, '*', '*', '*', 'shipping_weight', 'Shipping Weight', NULL, 'Shipping', 'dimension', b'0', b'0', b'1', 'seed', 230, NOW(), b'0', 0, 0),
    (59024, '*', '*', '*', 'shipping_width_depth', 'Shipping Width/Depth', NULL, 'Shipping', 'dimension', b'0', b'0', b'1', 'seed', 240, NOW(), b'0', 0, 0)
ON DUPLICATE KEY UPDATE
    `label_en` = VALUES(`label_en`),
    `label_ar` = VALUES(`label_ar`),
    `group_name` = VALUES(`group_name`),
    `input_kind` = VALUES(`input_kind`),
    `dictionary_source` = VALUES(`dictionary_source`),
    `sort_order` = VALUES(`sort_order`),
    `fetched_at` = VALUES(`fetched_at`),
    `is_deleted` = b'0',
    `gmt_updated` = NOW();

INSERT INTO `noon_attribute_option` (`id`, `field_id`, `option_value`, `label_en`, `label_ar`, `sort_order`, `is_deleted`, `created_by`, `updated_by`) VALUES
    (59501, 59001, 'plastic', 'Plastic', 'بلاستيك', 1, b'0', 0, 0),
    (59502, 59001, 'abs', 'ABS', 'ABS', 2, b'0', 0, 0),
    (59503, 59001, 'cotton', 'Cotton', 'قطن', 3, b'0', 0, 0),
    (59504, 59001, 'glass', 'Glass', 'زجاج', 4, b'0', 0, 0),
    (59505, 59001, 'fabric', 'Fabric', 'قماش', 5, b'0', 0, 0),
    (59506, 59001, 'pvc', 'PVC', 'PVC', 6, b'0', 0, 0),
    (59507, 59001, 'metal', 'Metal', 'معدن', 7, b'0', 0, 0),
    (59508, 59001, 'ceramic', 'Ceramic', 'سيراميك', 8, b'0', 0, 0),
    (59509, 59001, 'wood', 'Wood', 'خشب', 9, b'0', 0, 0),
    (59510, 59002, 'machine_wash', 'Machine Wash', 'غسيل في الغسالة', 1, b'0', 0, 0),
    (59511, 59002, 'hand_wash', 'Hand Wash', 'غسيل يدوي', 2, b'0', 0, 0),
    (59512, 59002, 'spot_clean', 'Spot Clean', 'تنظيف موضعي', 3, b'0', 0, 0),
    (59513, 59002, 'wipe_clean', 'Wipe Clean', 'ينظف بالمسح', 4, b'0', 0, 0),
    (59514, 59002, 'dry_clean', 'Dry Clean', 'تنظيف جاف', 5, b'0', 0, 0),
    (59515, 59003, 'black', 'Black', 'أسود', 1, b'0', 0, 0),
    (59516, 59003, 'white', 'White', 'أبيض', 2, b'0', 0, 0),
    (59517, 59003, 'grey', 'Grey', 'رمادي', 3, b'0', 0, 0),
    (59518, 59003, 'blue', 'Blue', 'أزرق', 4, b'0', 0, 0),
    (59519, 59003, 'green', 'Green', 'أخضر', 5, b'0', 0, 0),
    (59520, 59003, 'pink', 'Pink', 'وردي', 6, b'0', 0, 0),
    (59521, 59003, 'red', 'Red', 'أحمر', 7, b'0', 0, 0),
    (59522, 59003, 'yellow', 'Yellow', 'أصفر', 8, b'0', 0, 0),
    (59523, 59003, 'multicolour', 'Multicolour', 'متعدد الألوان', 9, b'0', 0, 0),
    (59524, 59004, 'bluetooth', 'Bluetooth', 'بلوتوث', 1, b'0', 0, 0),
    (59525, 59004, 'wifi', 'Wi-Fi', 'واي فاي', 2, b'0', 0, 0),
    (59526, 59004, 'usb', 'USB', 'USB', 3, b'0', 0, 0),
    (59527, 59004, 'wired', 'Wired', 'سلكي', 4, b'0', 0, 0),
    (59528, 59004, 'wireless', 'Wireless', 'لاسلكي', 5, b'0', 0, 0),
    (59529, 59005, 'touch', 'touch', 'touch', 1, b'0', 0, 0),
    (59530, 59005, 'remote', 'Remote', 'جهاز تحكم عن بعد', 2, b'0', 0, 0),
    (59531, 59005, 'button', 'Button', 'زر', 3, b'0', 0, 0),
    (59532, 59005, 'app', 'App', 'تطبيق', 4, b'0', 0, 0),
    (59533, 59005, 'voice', 'Voice', 'صوت', 5, b'0', 0, 0),
    (59534, 59006, 'china', 'China', 'الصين', 1, b'0', 0, 0),
    (59535, 59006, 'india', 'India', 'الهند', 2, b'0', 0, 0),
    (59536, 59006, 'united_arab_emirates', 'United Arab Emirates', 'الإمارات العربية المتحدة', 3, b'0', 0, 0),
    (59537, 59006, 'saudi_arabia', 'Saudi Arabia', 'المملكة العربية السعودية', 4, b'0', 0, 0),
    (59538, 59006, 'egypt', 'Egypt', 'مصر', 5, b'0', 0, 0),
    (59539, 59007, 'new', 'New', 'جديد', 1, b'0', 0, 0),
    (59540, 59007, 'renewed', 'Renewed', 'مجدد', 2, b'0', 0, 0),
    (59541, 59007, 'used', 'Used', 'مستعمل', 3, b'0', 0, 0),
    (59542, 59008, 'led', 'LED', 'LED', 1, b'0', 0, 0),
    (59543, 59008, 'incandescent', 'Incandescent', 'متوهج', 2, b'0', 0, 0),
    (59544, 59008, 'fluorescent', 'Fluorescent', 'فلورسنت', 3, b'0', 0, 0),
    (59545, 59008, 'halogen', 'Halogen', 'هالوجين', 4, b'0', 0, 0),
    (59546, 59009, 'matte', 'Matte', 'مطفي', 1, b'0', 0, 0),
    (59547, 59009, 'glossy', 'Glossy', 'لامع', 2, b'0', 0, 0),
    (59548, 59009, 'polished', 'Polished', 'مصقول', 3, b'0', 0, 0),
    (59549, 59009, 'painted', 'Painted', 'مطلي', 4, b'0', 0, 0),
    (59550, 59010, 'sport', 'Sport', 'رياضة', 1, b'0', 0, 0),
    (59551, 59010, 'birthday', 'Birthday', 'عيد ميلاد', 2, b'0', 0, 0),
    (59552, 59010, 'wedding', 'Wedding', 'زفاف', 3, b'0', 0, 0),
    (59553, 59010, 'party', 'Party', 'حفلة', 4, b'0', 0, 0),
    (59554, 59010, 'everyday', 'Everyday', 'يومي', 5, b'0', 0, 0),
    (59555, 59011, 'solid', 'Solid', 'سادة', 1, b'0', 0, 0),
    (59556, 59011, 'printed', 'Printed', 'مطبوع', 2, b'0', 0, 0),
    (59557, 59011, 'striped', 'Striped', 'مخطط', 3, b'0', 0, 0),
    (59558, 59011, 'plain', 'Plain', 'عادي', 4, b'0', 0, 0),
    (59559, 59012, 'plastic', 'Plastic', 'بلاستيك', 1, b'0', 0, 0),
    (59560, 59012, 'metal', 'Metal', 'معدن', 2, b'0', 0, 0),
    (59561, 59012, 'glass', 'Glass', 'زجاج', 3, b'0', 0, 0),
    (59562, 59012, 'wood', 'Wood', 'خشب', 4, b'0', 0, 0),
    (59563, 59012, 'fabric', 'Fabric', 'قماش', 5, b'0', 0, 0),
    (59564, 59013, 'round', 'Round', 'دائري', 1, b'0', 0, 0),
    (59565, 59013, 'square', 'Square', 'مربع', 2, b'0', 0, 0),
    (59566, 59013, 'rectangle', 'Rectangle', 'مستطيل', 3, b'0', 0, 0),
    (59567, 59013, 'oval', 'Oval', 'بيضاوي', 4, b'0', 0, 0),
    (59568, 59013, 'irregular', 'Irregular', 'غير منتظم', 5, b'0', 0, 0),
    (59569, 59014, 'std', 'Std', 'Std', 1, b'0', 0, 0),
    (59570, 59014, 'zero', 'Zero', 'Zero', 2, b'0', 0, 0),
    (59571, 59014, 'exempt', 'Exempt', 'Exempt', 3, b'0', 0, 0),
    (59572, 59015, 'std', 'Std', 'Std', 1, b'0', 0, 0),
    (59573, 59015, 'zero', 'Zero', 'Zero', 2, b'0', 0, 0),
    (59574, 59015, 'exempt', 'Exempt', 'Exempt', 3, b'0', 0, 0),
    (59575, 59016, 'std', 'Std', 'Std', 1, b'0', 0, 0),
    (59576, 59016, 'zero', 'Zero', 'Zero', 2, b'0', 0, 0),
    (59577, 59016, 'exempt', 'Exempt', 'Exempt', 3, b'0', 0, 0)
ON DUPLICATE KEY UPDATE
    `label_en` = VALUES(`label_en`),
    `label_ar` = VALUES(`label_ar`),
    `sort_order` = VALUES(`sort_order`),
    `is_deleted` = b'0',
    `gmt_updated` = NOW();

INSERT INTO `noon_attribute_unit_option` (`id`, `field_id`, `unit_value`, `label_en`, `label_ar`, `sort_order`, `is_deleted`, `created_by`, `updated_by`) VALUES
    (60001, 59017, 'mm', 'mm', NULL, 1, b'0', 0, 0),
    (60002, 59017, 'cm', 'cm', NULL, 2, b'0', 0, 0),
    (60003, 59017, 'm', 'm', NULL, 3, b'0', 0, 0),
    (60004, 59017, 'in', 'in', NULL, 4, b'0', 0, 0),
    (60005, 59017, 'ft', 'ft', NULL, 5, b'0', 0, 0),
    (60006, 59018, 'mm', 'mm', NULL, 1, b'0', 0, 0),
    (60007, 59018, 'cm', 'cm', NULL, 2, b'0', 0, 0),
    (60008, 59018, 'm', 'm', NULL, 3, b'0', 0, 0),
    (60009, 59018, 'in', 'in', NULL, 4, b'0', 0, 0),
    (60010, 59018, 'ft', 'ft', NULL, 5, b'0', 0, 0),
    (60011, 59019, 'g', 'g', NULL, 1, b'0', 0, 0),
    (60012, 59019, 'KG', 'KG', NULL, 2, b'0', 0, 0),
    (60013, 59019, 'lb', 'lb', NULL, 3, b'0', 0, 0),
    (60014, 59019, 'lbs', 'lbs', NULL, 4, b'0', 0, 0),
    (60015, 59020, 'mm', 'mm', NULL, 1, b'0', 0, 0),
    (60016, 59020, 'cm', 'cm', NULL, 2, b'0', 0, 0),
    (60017, 59020, 'm', 'm', NULL, 3, b'0', 0, 0),
    (60018, 59020, 'in', 'in', NULL, 4, b'0', 0, 0),
    (60019, 59020, 'ft', 'ft', NULL, 5, b'0', 0, 0),
    (60020, 59021, 'mm', 'mm', NULL, 1, b'0', 0, 0),
    (60021, 59021, 'cm', 'cm', NULL, 2, b'0', 0, 0),
    (60022, 59021, 'm', 'm', NULL, 3, b'0', 0, 0),
    (60023, 59021, 'in', 'in', NULL, 4, b'0', 0, 0),
    (60024, 59021, 'ft', 'ft', NULL, 5, b'0', 0, 0),
    (60025, 59022, 'mm', 'mm', NULL, 1, b'0', 0, 0),
    (60026, 59022, 'cm', 'cm', NULL, 2, b'0', 0, 0),
    (60027, 59022, 'm', 'm', NULL, 3, b'0', 0, 0),
    (60028, 59022, 'in', 'in', NULL, 4, b'0', 0, 0),
    (60029, 59022, 'ft', 'ft', NULL, 5, b'0', 0, 0),
    (60030, 59023, 'g', 'g', NULL, 1, b'0', 0, 0),
    (60031, 59023, 'KG', 'KG', NULL, 2, b'0', 0, 0),
    (60032, 59023, 'lb', 'lb', NULL, 3, b'0', 0, 0),
    (60033, 59023, 'lbs', 'lbs', NULL, 4, b'0', 0, 0),
    (60034, 59024, 'mm', 'mm', NULL, 1, b'0', 0, 0),
    (60035, 59024, 'cm', 'cm', NULL, 2, b'0', 0, 0),
    (60036, 59024, 'm', 'm', NULL, 3, b'0', 0, 0),
    (60037, 59024, 'in', 'in', NULL, 4, b'0', 0, 0),
    (60038, 59024, 'ft', 'ft', NULL, 5, b'0', 0, 0)
ON DUPLICATE KEY UPDATE
    `label_en` = VALUES(`label_en`),
    `label_ar` = VALUES(`label_ar`),
    `sort_order` = VALUES(`sort_order`),
    `is_deleted` = b'0',
    `gmt_updated` = NOW();
